ID,User,Date,Tweet,Len
1337914738911698946,BobMarsdale,2020-12-13 00:18:25,"@realDonaldTrump Nearly nobody wearing a mask...

These people will most likely be contracting the coronavirus withâ€¦ https://t.co/ds4sWAW5mz",140
1337914506148601857,npdTSHVFFqAU9S6,2020-12-13 00:17:30,"The first snow falls.
 As the whole world turns white
 I hope that the corona will disappear.  
#First snow #corona https://t.co/tFemXzU0uZ",139
1337914140564860930,MarkKilby2,2020-12-13 00:16:03,"RT @video4me: The fairly steady UK growth looks like a peak in R.

The only problem is that the early indications are that the next directiâ€¦",140
1337913899371261955,tan_paulus27,2020-12-13 00:15:05,"United States Corona virus
Cases : 16,529,813
Deaths : 304,962 
Recovered : 9,639,980 Projections 
Closed Cases
9,9â€¦ https://t.co/8hCYpfK2jl",140
1337913178844520449,PopasMedia,2020-12-13 00:12:13,RT @DrAnthony: 3 Tips When Hiring A Virtual Assistant https://t.co/BsCcTKMX0E #SaturdayVibes  #Saturday #SaturdayMood #Careers #Career #Jobâ€¦,140
1337912881225064463,WeWuWiWo,2020-12-13 00:11:02,"RT @risklayer: Day 285: #Germany #Coronavirus Summary 12/12:
Well, what a day again :(
- 21,648 new #Corona cases today (+3176 higher thanâ€¦",139
1337911716584230913,zwierlein,2020-12-13 00:06:25,RT @ennopark: The graph showing the daily #corona cases in the U.S. pretty much looks like as if some Trump suobordinate yesterday left offâ€¦,140
1337911197715353603,PopasMedia,2020-12-13 00:04:21,RT @DrAnthony: 4 Outdated Rules Every Business Owner Needs to Ditch https://t.co/38uQUnzcAN #SaturdayVibes  #Saturday #SaturdayMood #Careerâ€¦,140
1337910808391643138,AndreasKlamm,2020-12-13 00:02:48,"Brexit and #Corona: PLEASE PRAY for the safety, protection and health for the people in the United Kingdom, PLEASE. https://t.co/dPEQUgZ7GF",139
1337910514177945610,PartwellS,2020-12-13 00:01:38,RT @DrAnthony: 3 Tips When Hiring A Virtual Assistant https://t.co/BsCcTKMX0E #SaturdayVibes  #Saturday #SaturdayMood #Careers #Career #Jobâ€¦,140
1337910512143753224,PartwellS,2020-12-13 00:01:37,RT @DrAnthony: 4 Outdated Rules Every Business Owner Needs to Ditch https://t.co/38uQUnzcAN #SaturdayVibes  #Saturday #SaturdayMood #Careerâ€¦,140
1337910510126297091,PartwellS,2020-12-13 00:01:37,"RT @DrAnthony: The 2-Step ""Menu"" for Giving Effective Feedback: Sandwich and Wrap https://t.co/EmjPfsZu3P #SaturdayVibes  #Saturday #Saturdâ€¦",140
1337910507957850112,PartwellS,2020-12-13 00:01:36,RT @DrAnthony: We Don't Pay You to Think! https://t.co/lwIbEQMprU #SaturdayVibes  #Saturday #SaturdayMood #Careers #Career #Jobs #Job #workâ€¦,140
1337910505692913664,PartwellS,2020-12-13 00:01:36,RT @DrAnthony: Top 3 Mistakes Organizations Make When Developing Their Millennial Talents https://t.co/9iwj4zSNA3 #SaturdayVibes  #Saturdayâ€¦,140
1337910172212191235,betterjobsearch,2020-12-13 00:00:16,RT @DrAnthony: Top 3 Mistakes Organizations Make When Developing Their Millennial Talents https://t.co/9iwj4zSNA3 #SaturdayVibes  #Saturdayâ€¦,140
1337910151588814853,LallutheGrey,2020-12-13 00:00:11,"RT @risklayer: Day 285: #Germany #Coronavirus Summary 12/12:
Well, what a day again :(
- 21,648 new #Corona cases today (+3176 higher thanâ€¦",139
1337910138116694020,betterjobsearch,2020-12-13 00:00:08,RT @DrAnthony: We Don't Pay You to Think! https://t.co/lwIbEQMprU #SaturdayVibes  #Saturday #SaturdayMood #Careers #Career #Jobs #Job #workâ€¦,140
1337910120769064960,betterjobsearch,2020-12-13 00:00:04,"RT @DrAnthony: The 2-Step ""Menu"" for Giving Effective Feedback: Sandwich and Wrap https://t.co/EmjPfsZu3P #SaturdayVibes  #Saturday #Saturdâ€¦",140
1337910090217697281,betterjobsearch,2020-12-12 23:59:57,RT @DrAnthony: 4 Outdated Rules Every Business Owner Needs to Ditch https://t.co/38uQUnzcAN #SaturdayVibes  #Saturday #SaturdayMood #Careerâ€¦,140
1337910051848265736,betterjobsearch,2020-12-12 23:59:48,RT @DrAnthony: 3 Tips When Hiring A Virtual Assistant https://t.co/BsCcTKMX0E #SaturdayVibes  #Saturday #SaturdayMood #Careers #Career #Jobâ€¦,140
1337910015726850059,PerKerry,2020-12-12 23:59:39,"LOUDER FOR THE PEOPLE IN THE BACK!! 

#COVID19 #Covid_19 #coronavirus #swineflu #Corona #COVIDIOT #WearAMask h/tâ€¦ https://t.co/VAteRfgYV3",137
1337909969161572352,lbcbioscience,2020-12-12 23:59:28,Check out our CBD + CBG Hand Sanitizer with Vitamin E! ğŸŒ¿ https://t.co/p6cozUpjLY #virus #HandSanitizerâ€¦ https://t.co/GsHn8nM3Pp,127
1337909905454477312,DrAnthony,2020-12-12 23:59:13,Top 3 Mistakes Organizations Make When Developing Their Millennial Talents https://t.co/9iwj4zSNA3 #SaturdayVibesâ€¦ https://t.co/7YhEQe7dTv,138
1337909807714607107,BeachBum1776,2020-12-12 23:58:49,"#Corona - medical seminar linked to 200-300k cases of Corona in the US. But wait, wait I thought it was Trumps faulâ€¦ https://t.co/37Y67ChGhk",140
1337909716840681473,HorndogNation,2020-12-12 23:58:28,"The uncensored version is available exclusively as a @Patreon exclusive!
 https://t.co/muM1Upl1DA #comicsâ€¦ https://t.co/gL66BWciZd",130
1337909688004972544,DrAnthony,2020-12-12 23:58:21,We Don't Pay You to Think! https://t.co/lwIbEQMprU #SaturdayVibes  #Saturday #SaturdayMood #Careers #Career #Jobsâ€¦ https://t.co/ldnRKCrwne,138
1337909434169913345,DrAnthony,2020-12-12 23:57:20,"The 2-Step ""Menu"" for Giving Effective Feedback: Sandwich and Wrap https://t.co/EmjPfsZu3P #SaturdayVibesâ€¦ https://t.co/S01LGOpMkC",130
1337909237113106435,JuergenBeust,2020-12-12 23:56:33,"RT @risklayer: Day 285: #Germany #Coronavirus Summary 12/12:
Well, what a day again :(
- 21,648 new #Corona cases today (+3176 higher thanâ€¦",139
1337909226568626187,DrAnthony,2020-12-12 23:56:31,4 Outdated Rules Every Business Owner Needs to Ditch https://t.co/38uQUnzcAN #SaturdayVibes  #Saturdayâ€¦ https://t.co/geYoj4l2C6,127
1337909025430773762,DrAnthony,2020-12-12 23:55:43,3 Tips When Hiring A Virtual Assistant https://t.co/BsCcTKMX0E #SaturdayVibes  #Saturday #SaturdayMood #Careersâ€¦ https://t.co/9z3cOKMz6r,136
1337908778545639426,DrAnthony,2020-12-12 23:54:44,8 Daily Habits of Effective Business Leaders https://t.co/o9Q0lNS1Ot #SaturdayVibes  #Saturday #SaturdayMoodâ€¦ https://t.co/h1Ktc9Eup1,133
1337908749764231168,ThePlebeyo,2020-12-12 23:54:37,"#WeOpposeBlackLaws #India

We oppose Fascists and Nazis
We oppose Hindutva
We oppose CAA and InterReligion Marriageâ€¦ https://t.co/5NukwS34Z3",140
1337908735033958400,Speckbrummsel,2020-12-12 23:54:34,"RT @risklayer: Day 285: #Germany #Coronavirus Summary 12/12:
Well, what a day again :(
- 21,648 new #Corona cases today (+3176 higher thanâ€¦",139
1337908545405247495,DrAnthony,2020-12-12 23:53:49,Why You Should Ask for Help At Work Instead of Giving It https://t.co/9bPDgzx83V #SaturdayVibes  #Saturdayâ€¦ https://t.co/26DRJTzQK3,131
1337908308720619523,DrAnthony,2020-12-12 23:52:52,5 Tips to Build Mental Fitness Within Your Teams https://t.co/R73wQOg0jd #SaturdayVibes  #Saturday #SaturdayMoodâ€¦ https://t.co/rnnwPUWGHA,137
1337908123110170630,m5m5k73,2020-12-12 23:52:08,"RT @risklayer: Day 285: #Germany #Coronavirus Summary 12/12:
Well, what a day again :(
- 21,648 new #Corona cases today (+3176 higher thanâ€¦",139
1337907963852447745,DrAnthony,2020-12-12 23:51:30,10 Examples of Companies With Fantastic Cultures https://t.co/fpHL5oI1WM #SaturdayVibes  #Saturday #SaturdayMoodâ€¦ https://t.co/3W8k6iZjRQ,137
1337907770234970115,AnnaTermine2,2020-12-12 23:50:44,"RT @ExtinctionR_SV: XR family on site yesterday at both SveavÃ¤gen and Torsgatan, which proves you can have a #corona safe AND Non-Violent Dâ€¦",140
1337907719966175232,DrAnthony,2020-12-12 23:50:32,10 Simple Productivity Tips for Organizing Your Work Life https://t.co/SwCq5XSLrK #SaturdayVibes  #Saturdayâ€¦ https://t.co/9vHENmkF4Z,132
1337907593751252993,mcarepresenatve,2020-12-12 23:50:02,"24/7 emergency medical assistance services worldwide
#nurses #dentist #dental #cannabis #nurselife #wellnessâ€¦ https://t.co/8xeFkUavzg",133
1337907368554848256,krishna444_test,2020-12-12 23:49:08,"#Corona Info for #USA:
New Cases: 199481
Today Recovery: 121890
Today Deaths: 2157
Total Active Cases: 6594253
Totaâ€¦ https://t.co/1VEaAwNh7w",140
1337907341539336193,ichbinschoener,2020-12-12 23:49:01,RT @ennopark: The graph showing the daily #corona cases in the U.S. pretty much looks like as if some Trump suobordinate yesterday left offâ€¦,140
1337907182222893056,DrAnthony,2020-12-12 23:48:24,Five HR Lessons Learned From The Waves Of Change In 2020 https://t.co/aXskEEIOtt #SaturdayVibes  #Saturdayâ€¦ https://t.co/j7nOueEumh,131
1337907081089789960,UChillen,2020-12-12 23:47:59,"RT @risklayer: Day 285: #Germany #Coronavirus Summary 12/12:
Well, what a day again :(
- 21,648 new #Corona cases today (+3176 higher thanâ€¦",139
1337906819319140355,DrAnthony,2020-12-12 23:46:57,Creating Authentic Workplace Diversity https://t.co/h13YiTfbWB #SaturdayVibes  #Saturday #SaturdayMood #Careersâ€¦ https://t.co/m5Wvi55OqR,136
1337906710149820424,BeachBum1776,2020-12-12 23:46:31,"#Corona - Thank God for people like Barstool Dave, it gives me hope there are still freedom loving patriots out theâ€¦ https://t.co/01DUO7k5ac",140
1337906631665913857,maralgr,2020-12-12 23:46:12,"RT @risklayer: Day 285: #Germany #Coronavirus Summary 12/12:
Well, what a day again :(
- 21,648 new #Corona cases today (+3176 higher thanâ€¦",139
1337906548727803906,meg_oppenheim,2020-12-12 23:45:52,can we get one of those billboards from the 90s showing cigarette deaths but make it COVID #Covid_19 #Corona,108
1337906281319964676,KippelsNicole,2020-12-12 23:44:49,"RT @risklayer: Day 285: #Germany #Coronavirus Summary 12/12:
Well, what a day again :(
- 21,648 new #Corona cases today (+3176 higher thanâ€¦",139
1337905859704348673,SGrejama,2020-12-12 23:43:08,"RT @risklayer: Day 285: #Germany #Coronavirus Summary 12/12:
Well, what a day again :(
- 21,648 new #Corona cases today (+3176 higher thanâ€¦",139
1337905798526234625,ronald_fein,2020-12-12 23:42:54,"RT @risklayer: Day 285: #Germany #Coronavirus Summary 12/12:
Well, what a day again :(
- 21,648 new #Corona cases today (+3176 higher thanâ€¦",139
1337905726178652160,Magi1983,2020-12-12 23:42:36,"RT @risklayer: Day 285: #Germany #Coronavirus Summary 12/12:
Well, what a day again :(
- 21,648 new #Corona cases today (+3176 higher thanâ€¦",139
1337905381541093378,brezelradar,2020-12-12 23:41:14,"RT @risklayer: Day 285: #Germany #Coronavirus Summary 12/12:
Well, what a day again :(
- 21,648 new #Corona cases today (+3176 higher thanâ€¦",139
1337905177702113281,education_24x7,2020-12-12 23:40:26,"RT @Bennett_DataSci: During the COVID-19 crisis, a lot of meaning has been imbued by people who want the numbers to support their argument.â€¦",140
1337904810734051329,SvenUckermann,2020-12-12 23:38:58,"RT @risklayer: Day 285: #Germany #Coronavirus Summary 12/12:
Well, what a day again :(
- 21,648 new #Corona cases today (+3176 higher thanâ€¦",139
1337904396643012608,BeateLubinsky,2020-12-12 23:37:19,"RT @risklayer: Day 285: #Germany #Coronavirus Summary 12/12:
Well, what a day again :(
- 21,648 new #Corona cases today (+3176 higher thanâ€¦",139
1337904331035697155,felfersdeluxe,2020-12-12 23:37:04,"RT @risklayer: Day 285: #Germany #Coronavirus Summary 12/12:
Well, what a day again :(
- 21,648 new #Corona cases today (+3176 higher thanâ€¦",139
1337904120473260038,RicardLopez123,2020-12-12 23:36:14,"RT @risklayer: Day 285: #Germany #Coronavirus Summary 12/12:
Well, what a day again :(
- 21,648 new #Corona cases today (+3176 higher thanâ€¦",139
1337903898691051523,MachoAngelika,2020-12-12 23:35:21,"RT @Muschelschloss: #Corona
{Thread} https://t.co/1gEjShWsor",60
1337903670986412034,Franzi_Woeckel,2020-12-12 23:34:26,"RT @risklayer: Day 285: #Germany #Coronavirus Summary 12/12:
Well, what a day again :(
- 21,648 new #Corona cases today (+3176 higher thanâ€¦",139
1337903599687528451,risklayer,2020-12-12 23:34:09,"Day 285: #Germany #Coronavirus Summary 12/12:
Well, what a day again :(
- 21,648 new #Corona cases today (+3176 higâ€¦ https://t.co/ksOhpimEax",140
1337903413473009667,thomas_w_braun,2020-12-12 23:33:25,"what another year

#johnnylogan #corona #COVID19",48
1337902795362508800,sukemomo,2020-12-12 23:30:58,"Last updated: 2020-12-12 23:05:02+00:00GMT
  Coronavirus [COVID-19]
    Cases: 72043839
    Deaths: 1610426â€¦ https://t.co/DU3jRakqQF",132
1337902572225478656,tan_paulus27,2020-12-12 23:30:04,"United States Corona virus
Cases : 16,521,164
Deaths : 304,916 
Recovered : 9,628,326 Projections 
Closed Cases
9,9â€¦ https://t.co/N8Q4h8yoYz",140
1337902561454645254,betterjobsearch,2020-12-12 23:30:02,"RT @DrAnthony: Whose Workers Are Most Essential? Meatpackers, Airlines Lobby for Covid Vaccine Priority https://t.co/kRlpzAGlgL #SaturdayViâ€¦",140
1337902539908460548,betterjobsearch,2020-12-12 23:29:57,RT @DrAnthony: Roaring '20s here we come? https://t.co/gG0UHQNEcu #SaturdayVibes  #Saturday #SaturdayMood #Careers #Career #Jobs #Job #workâ€¦,140
1337902315328724997,holmesmoviespod,2020-12-12 23:29:03,"During these #Corona times, (and due to the fact one of us lives in the USA) we have recorded our #episodes overâ€¦ https://t.co/kezCuddOfv",137
1337902149041352706,DrAnthony,2020-12-12 23:28:24,"Whose Workers Are Most Essential? Meatpackers, Airlines Lobby for Covid Vaccine Priority https://t.co/kRlpzAGlgLâ€¦ https://t.co/W2jkeplmIT",137
1337901544562364417,DrAnthony,2020-12-12 23:25:59,Roaring '20s here we come? https://t.co/gG0UHQNEcu #SaturdayVibes  #Saturday #SaturdayMood #Careers #Career #Jobsâ€¦ https://t.co/yxBX8fhdoB,138
1337901199668948993,PeterSpitters,2020-12-12 23:24:37,"ğŸ˜‚ Masks and Stupidity

#Covid19 #COVID19NL #corona #coronavirus #coronamaatregelen #Catshuis @ContainmentNow #rutteâ€¦ https://t.co/ZVh3TzVOt9",140
1337901036909039616,4deuceant,2020-12-12 23:23:58,RT @4deuceant: ğŸš¨ğŸš¨ VIDEO OUT NOW! Link in bio ğŸ”¥ğŸ”¥ğŸ”¥ or ğŸ—‘#drillmusic #artist #youtube #brooklyn  #tiktok  #musicvideo #brizzybanks #lildurk #coâ€¦,140
1337900522255290368,Caitlin04693205,2020-12-12 23:21:56,"RT @FBDPolice: Despite #corona, @FBDPolice everywhere on the job. Thanks to the #people of #Faridabad for their support and encouragement!â€¦",139
1337900473026797569,TorivoJobs,2020-12-12 23:21:44,RT @DrAnthony: How To Negotiate With Confidence When You Really Need The Job https://t.co/LgfFGhIboJ #SaturdayVibes  #Saturday #SaturdayMooâ€¦,140
1337900210442399746,realraawbitch_,2020-12-12 23:20:41,"RT @Breezythreads_: ğŸ’•ğ™¸ğš–ğšŠğšğš’ğš—ğšŠğš›ğš¢ ğš‚ğšğš›ğš’ğšğšœğŸ’•
                   ~ ğ‘ƒğ‘œğ‘™ğ‘¦ğ‘ğ‘šğ‘œğ‘Ÿğ‘¦ ğ‘ƒğ‘¡. ğŸ¹ğŸ¼~

#Freakythread #FreakingRomance #Covid_19 #storytimethread #Râ€¦",140
1337900187663163392,Naziyakhatun7,2020-12-12 23:20:36,"RT @NajjarAsmaa: Household and hospital waste full of #Covid-19 waste arrives at this place daily, which poses a risk of disease and deathâ€¦",139
1337900053436887045,tan_paulus27,2020-12-12 23:20:04,"United States Corona virus
Cases : 16,519,656
Deaths : 304,899 
Recovered : 9,627,394 Projections 
Closed Cases
9,9â€¦ https://t.co/umoBg5kNHr",140
1337900043169390593,2thepinkside,2020-12-12 23:20:01,"Imagine if we didn't have crazy conservatives here . . . #covid #covid19 #corona #coronavirus
#quarantineâ€¦ https://t.co/fyxIlL5jxF",130
1337900025226162176,bumble_bee_kind,2020-12-12 23:19:57,wordğŸ™ğŸ¼ #COVIDãƒ¼19 #corona #Querdenker #DD1212 https://t.co/py9k1Lc1VX,68
1337899803867492358,krishna444_test,2020-12-12 23:19:04,"#Corona Info for #USA:
New Cases: 194170
Today Recovery: 119918
Today Deaths: 2126
Total Active Cases: 6587363
Totaâ€¦ https://t.co/FpLD7md9bZ",140
1337899615287328770,EAwrite,2020-12-12 23:18:19,@Eleven_Films Covid super spreader. #Corona,43
1337899354519121921,Kayleigh_sxo,2020-12-12 23:17:17,"Wish corona would go away , never knew how hard life would actually beğŸ˜©

#coronavirus #Covid19UK #lonely #Corona #LifeGoesOn #life",130
1337899142060920832,sidehamburg,2020-12-12 23:16:27,"RT @dersongecreux: Standing Still
#hamburg #corona https://t.co/qrNzySaUzm",74
1337899010695290883,_mang0tango,2020-12-12 23:15:55,"RT @Breezythreads_: ğŸ’•ğ™¸ğš–ğšŠğšğš’ğš—ğšŠğš›ğš¢ ğš‚ğšğš›ğš’ğšğšœğŸ’•
                   ~ ğ‘ƒğ‘œğ‘™ğ‘¦ğ‘ğ‘šğ‘œğ‘Ÿğ‘¦ ğ‘ƒğ‘¡. ğŸ¹ğŸ¼~

#Freakythread #FreakingRomance #Covid_19 #storytimethread #Râ€¦",140
1337898858156863491,betterjobsearch,2020-12-12 23:15:19,RT @DrAnthony: How To Negotiate With Confidence When You Really Need The Job https://t.co/LgfFGhIboJ #SaturdayVibes  #Saturday #SaturdayMooâ€¦,140
1337898648215187457,DrAnthony,2020-12-12 23:14:29,How To Negotiate With Confidence When You Really Need The Job https://t.co/LgfFGhIboJ #SaturdayVibes  #Saturdayâ€¦ https://t.co/Pg2NmUbuq7,136
1337898639709057030,grimjowl_scag,2020-12-12 23:14:27,"RT @StandUpX2: Protesting continues this weekend Brighton, Chichester, Bournemouth, Manchester, Sheffield, York, Bristol, Melbourne and Canâ€¦",140
1337898508938932224,KathyCo77505648,2020-12-12 23:13:56,ğŸ™ğŸ¼ğŸ™ğŸ¼ğŸ™ğŸ¼ğŸ™ğŸ¼ #FDA #PfizerBioNTech #OperationWarpSpeed #CoronaVaccine #grateful #COVID #Corona FDA approves Pfizerâ€™s COVâ€¦ https://t.co/62sbVi8Rol,140
1337898433902997504,creation_2011,2020-12-12 23:13:38,"RT @Muschelschloss: #Corona
{Thread} https://t.co/1gEjShWsor",60
1337897947414093825,FrauAlly,2020-12-12 23:11:42,RT @ennopark: The graph showing the daily #corona cases in the U.S. pretty much looks like as if some Trump suobordinate yesterday left offâ€¦,140
1337897875750064128,JollyRogerMMA,2020-12-12 23:11:25,What in the Fuck LOL #Corona #coronavirus https://t.co/jQByhnxpHV,65
1337897488494309376,GardenJunkie1,2020-12-12 23:09:52,Corona Leaf &amp; Stem Micro Snip (FS 3214D): Product Review https://t.co/vL8b0s2IHj #pruners #Corona #productreview https://t.co/LJB2uZzMXi,140
1337897391563870208,gowcms,2020-12-12 23:09:29,"RT @Muschelschloss: #Corona
{Thread}",36
1337896212280840195,biriakim,2020-12-12 23:04:48,RT @tvbberlin: Talk about #AusgangsbeschrÃ¤nkungen und #Lockdown. ğŸ˜” #adoptdontshop #Corona #Tierheim https://t.co/vqRpjpY1Ej,123
1337896025084850178,voncal_,2020-12-12 23:04:03,"Well, well, well...
#Merkel #lockdown #Corona #Berlin https://t.co/kJuzQpbb0k",77
1337895880838553601,ben_Bmom007,2020-12-12 23:03:29,"People, please watch this it's a brilliant tribute to everyone we have lost this year! #Remember #Coronaâ€¦ https://t.co/SlVCoxes5g",129
1337895536301576196,WellisAirUSA,2020-12-12 23:02:07,âœ¨Explore WellisAir. Surface &amp; Airborne Disinfection. From Mother Nature ğŸ˜Š #breathe #carbonpeel #nature #cleanairâ€¦ https://t.co/hmwVgVeBi9,141
1337895464432250880,hostileSlav,2020-12-12 23:01:50,"RT @WeAreTRR: Glass Of Coke Found To Have #COVID19 

An #Austrian MP uses a GOVERNMENT BACKED #Corona test live in Parliament ON GLASS OF Câ€¦",140
1337895142296940544,FabianUweRausch,2020-12-12 23:00:33,"Ugly X-Mas Sweater Rudulf the Gainteer Mens Sweatshirt â‚¬55.00 
#waldhof #svw #liga3 #bundesliga #demo #coronaâ€¦ https://t.co/WqXYjZodPt",134
1337894796019572740,katrinbecker89,2020-12-12 22:59:10,RT @tvbberlin: Talk about #AusgangsbeschrÃ¤nkungen und #Lockdown. ğŸ˜” #adoptdontshop #Corona #Tierheim https://t.co/vqRpjpY1Ej,123
1337894776390086656,Select_NewJobs,2020-12-12 22:59:06,"Can you recommend anyone for this job in #Corona, CA? https://t.co/jq3GhFnxS6",77
1337892505472425985,omobabaloke,2020-12-12 22:50:04,"And hereâ€™s to the next 65!
#Corona #CoronaSchool #Schools
ğŸ“šğŸ¥³ğŸ‡³ğŸ‡¬ğŸ“±ğŸ‘ğŸ½ https://t.co/gvYbdrVRbM",89
1337892271040192518,paulchibuezeonu,2020-12-12 22:49:08,"RT @Jerusalem_Post: The head of the FDA said he's ready for his newly-approved Pfizer #COVID19 vaccine.

| #Corona | 

https://t.co/G16CXJyâ€¦",140
1337891412763942912,GroovyGreatness,2020-12-12 22:45:44,"RT @SheepsWake: Basically the PCR tests are inaccurate &amp; if you died within 28 days of anything else, you on the #COVID19 death list.
Wakeâ€¦",143
1337890128702758913,muhdfaiz1604,2020-12-12 22:40:38,"RT @theaseanpost: DAILY SNAPSHOT: Total Cases crossed the 1.31 million mark at 7:00 pm with over 11,000 New Cases reported across Southeastâ€¦",140
1337889527332020226,thomasadoyi,2020-12-12 22:38:14,"RT @Jerusalem_Post: The head of the FDA said he's ready for his newly-approved Pfizer #COVID19 vaccine.

| #Corona | 

https://t.co/G16CXJyâ€¦",140
1337888419607949318,snoopbee1,2020-12-12 22:33:50,#COVIDãƒ¼19 #Corona Study at home #math #tutoring at https://t.co/pLnSNgyjmu,74
1337888315115237376,Muschelschloss,2020-12-12 22:33:25,"#Corona
{Thread} https://t.co/1gEjShWsor",40
1337888010663292932,viralvideovlogs,2020-12-12 22:32:13,RT @ActionTime: #TrumpVirusCatastrophe: Where Are Your Papers? A #NewYorker Goes Home to Locked-Down France #TrumpVirusDeathToll296K #Trumpâ€¦,140
1337888004791095296,ActionTime,2020-12-12 22:32:11,RT @ActionTime: #TrumpVirusCatastrophe: Where Are Your Papers? A #NewYorker Goes Home to Locked-Down France #TrumpVirusDeathToll296K #Trumpâ€¦,140
1337887796737019905,rhombics,2020-12-12 22:31:22,"@pfizer But #Putin's #vaccine suits everyone!
(And it's not a problem that in the USSR and #Russia over the past huâ€¦ https://t.co/2RscFD3fJi",140
1337887746086629378,tonipimperton,2020-12-12 22:31:10,Iâ€™m all for @FloydMayweather being at #AJvsPulev #JoshuaPulev itâ€™s brill for #AJ and the reduced crowd to spot a leâ€¦ https://t.co/wdub0ubu5R,140
1337887694563672065,sukemomo,2020-12-12 22:30:57,"Last updated: 2020-12-12 22:05:01+00:00GMT
  Coronavirus [COVID-19]
    Cases: 72020019
    Deaths: 1610111â€¦ https://t.co/AaLX5AXCx1",132
1337887509007699972,staceysportsguy,2020-12-12 22:30:13,"ğŸ“£ New Podcast! ""EXLUSIVE COACH G INTERVIEW"" on @Spreaker #coach #corona #football #high https://t.co/xyLhzewjSy",111
1337887256951058432,Skeikhali1,2020-12-12 22:29:13,"RT @Jerusalem_Post: The head of the FDA said he's ready for his newly-approved Pfizer #COVID19 vaccine.

| #Corona | 

https://t.co/G16CXJyâ€¦",140
1337886538089295873,WalterWal7,2020-12-12 22:26:22,"RT @StandUpX2: Protesting continues this weekend Brighton, Chichester, Bournemouth, Manchester, Sheffield, York, Bristol, Melbourne and Canâ€¦",140
1337885659885936651,Thomag0,2020-12-12 22:22:52,RT @ennopark: The graph showing the daily #corona cases in the U.S. pretty much looks like as if some Trump suobordinate yesterday left offâ€¦,140
1337885089171169292,Warren_2013R1,2020-12-12 22:20:36,"Just watching The Bourne Legacy... what a coincidence ğŸ˜³ğŸ‘‡ğŸ‘‡
#COVID19 #coronavirus #Corona https://t.co/r8kDBlI4Ox",111
1337884936565493760,Jerusalem_Post,2020-12-12 22:20:00,"The head of the FDA said he's ready for his newly-approved Pfizer #COVID19 vaccine.

| #Corona | 

https://t.co/G16CXJyxAf",122
1337884684521500673,krishna444_test,2020-12-12 22:19:00,"#Corona Info for #USA:
New Cases: 181732
Today Recovery: 105880
Today Deaths: 2002
Total Active Cases: 6589087
Totaâ€¦ https://t.co/lcanbG5zFK",140
1337883996336889856,BetterTmrwToday,2020-12-12 22:16:16,RT @statesmanalex: We handled Covid-19 the worst of any first world nation. #COVID19 #Corona #coronavirus https://t.co/zW1bCLcbyF,129
1337883727976869888,betterjobsearch,2020-12-12 22:15:12,"RT @DrAnthony: For Esther Perel, Work Is Personal â€• And The Topic Of Her Podcast https://t.co/y8pmxA9yPu #SaturdayVibes  #Saturday #Saturdaâ€¦",140
1337883675820773377,betterjobsearch,2020-12-12 22:14:59,RT @DrAnthony: 15 Great Work-at-Home Jobs for Moms https://t.co/qAjfUf45jP #SaturdayVibes  #Saturday #SaturdayMood #Careers #Career #Jobs #â€¦,140
1337883014869749761,DrAnthony,2020-12-12 22:12:22,"For Esther Perel, Work Is Personal â€• And The Topic Of Her Podcast https://t.co/y8pmxA9yPu #SaturdayVibes  #Saturdayâ€¦ https://t.co/btccY9RUM1",140
1337882775068655616,ActionTime,2020-12-12 22:11:24,#TrumpVirusCatastrophe: Where Are Your Papers? A #NewYorker Goes Home to Locked-Down Franceâ€¦ https://t.co/ZR5ADwOAoC,116
1337882683561619459,krisgimages,2020-12-12 22:11:03,Coke has Covid 19 ğŸ˜‚ Tested by an Austrian politician live in parliament! I better buy a coke now. #CocaColaâ€¦ https://t.co/4ViY7pvauk,132
1337882488018972673,tdglabs,2020-12-12 22:10:16,RT @DrAnthony: 15 Great Work-at-Home Jobs for Moms https://t.co/qAjfUf45jP #SaturdayVibes  #Saturday #SaturdayMood #Careers #Career #Jobs #â€¦,140
1337882154798374912,DrAnthony,2020-12-12 22:08:57,15 Great Work-at-Home Jobs for Moms https://t.co/qAjfUf45jP #SaturdayVibes  #Saturday #SaturdayMood #Careersâ€¦ https://t.co/fyHBoq6DoM,133
1337882141854748676,RobKrueger,2020-12-12 22:08:53,RT @ennopark: The graph showing the daily #corona cases in the U.S. pretty much looks like as if some Trump suobordinate yesterday left offâ€¦,140
1337881990721363969,petitsanimaux,2020-12-12 22:08:17,RT @ennopark: The graph showing the daily #corona cases in the U.S. pretty much looks like as if some Trump suobordinate yesterday left offâ€¦,140
1337881442253238273,hansonEmma_,2020-12-12 22:06:07,"#Icu full capacity has not taught people to go out less ????ğŸ˜·ğŸ¤¨
#COVID19 #Covid_19 #Corona https://t.co/AqlW2MTGbN",113
1337881408933486595,impranjalyadav,2020-12-12 22:05:59,"RT @DrPalakVermaINC: Itâ€™s important to keep yourself and others secured from #Corona .

Glimpses from Todayâ€™s mask distribution at Shahjapuâ€¦",140
1337881168977551364,ennopark,2020-12-12 22:05:01,The graph showing the daily #corona cases in the U.S. pretty much looks like as if some Trump suobordinate yesterdaâ€¦ https://t.co/Fx2ZkIFkz2,140
1337881005240115202,weirauchc,2020-12-12 22:04:22,I donâ€™t have COVID. My dogâ€™s fart merely destroyed my olfactory nerve. #Covid_19 #Corona #California #lockdown #californialockdown,130
1337880661307379712,statesmanalex,2020-12-12 22:03:00,We handled Covid-19 the worst of any first world nation. #COVID19 #Corona #coronavirus https://t.co/zW1bCLcbyF,110
1337880565958238214,jaoler,2020-12-12 22:02:38,Sweden faces a shortage of health-care workers as the number of resignations ticks up after a relentless year of caâ€¦ https://t.co/53dwHKHybw,140
1337879995784499202,Tt42923508,2020-12-12 22:00:22,#Checkout this #new #spiral #notebook #fineartamerica #love #instagram #covid #like #follow #fashion #artâ€¦ https://t.co/xpSuXHqa6X,130
1337879488819048448,BashayerBebita,2020-12-12 21:58:21,Their Island kingdom is #Corona ğŸ¤“ğŸ˜² https://t.co/7uMTL7tLDH,58
1337879410335244289,faxxxfarmer,2020-12-12 21:58:02,Fucking #tacos and #corona cerveza off the hook #faxxx,54
1337878526150602752,MFisher1274,2020-12-12 21:54:31,"#AirportFire #Final #Incident #Update #Corona #RiversideCounty @CAL_FIRE @CALFIRERRU @CoronaFireDept
â–ªï¸1,087 ACRESâ€¦ https://t.co/NImoKSiUw6",139
1337877654968659972,ns8627,2020-12-12 21:51:04,"RT @ns8627: Because of #corona I get to play #football in the house #Freestyle #footballfocus #fit 
@ns8627 https://t.co/CkRxvEz3Fa",131
1337877126767382528,krishna444_test,2020-12-12 21:48:58,"#Corona Info for #USA:
New Cases: 170862
Today Recovery: 102153
Today Deaths: 1908
Total Active Cases: 6582038
Totaâ€¦ https://t.co/w1DKHcxVjB",140
1337877122942185472,krishna444_test,2020-12-12 21:48:57,"#Corona Info for #Germany:
New Cases: 21816
Today Recovery: 15400
Today Deaths: 351
Total Active Cases: 340921
Totaâ€¦ https://t.co/aGUOPQKDp7",140
1337877052893003776,teeteedenise3,2020-12-12 21:48:40,"RT @Breezythreads_: ğŸ’•ğ™¸ğš–ğšŠğšğš’ğš—ğšŠğš›ğš¢ ğš‚ğšğš›ğš’ğšğšœğŸ’•
                   ~ ğ‘ƒğ‘œğ‘™ğ‘¦ğ‘ğ‘šğ‘œğ‘Ÿğ‘¦ ğ‘ƒğ‘¡. ğŸ¹ğŸ¼~

#Freakythread #FreakingRomance #Covid_19 #storytimethread #Râ€¦",140
1337876769861488643,Zouhra59532947,2020-12-12 21:47:33,RT @RwpVForce: Awareness campaign on coronavirus continues in UC Noor Dolal supervised by @fahads1982 UC Coordinator (Gujar Khan) of Rawalpâ€¦,140
1337876543033503751,Kimabdalian_,2020-12-12 21:46:39,"RT @GDNonline: Bahrain yesterday recorded 145 new cases of Covid-19, alongside 158 recoveries and one fatality

https://t.co/CKdJ9781q9

#Bâ€¦",140
1337875899664969729,aaliyah58869344,2020-12-12 21:44:05,"RT @Breezythreads_: ğŸ’•ğ™¸ğš–ğšŠğšğš’ğš—ğšŠğš›ğš¢ ğš‚ğšğš›ğš’ğšğšœğŸ’•
                   ~ ğ‘ƒğ‘œğ‘™ğ‘¦ğ‘ğ‘šğ‘œğ‘Ÿğ‘¦ ğ‘ƒğ‘¡. ğŸ¹ğŸ¼~

#Freakythread #FreakingRomance #Covid_19 #storytimethread #Râ€¦",140
1337875109160300544,WyldStyle201081,2020-12-12 21:40:57,"I'm tired of hearing all these lies about people dying from Corona virus, just tell the truth and say it was pneumonia. #Corona",127
1337874797955592199,bomulokoli,2020-12-12 21:39:43,"Thank you Lord for all the cleaning, sanitation, maintenance &amp; environmental safety workers working in hospitals, câ€¦ https://t.co/1uywnkTSDs",144
1337874238817116162,BryanJonesSCC,2020-12-12 21:37:29,"RT @StaffordshireCC: Staffordshire Covid-19 Testing Locations

Book through the national portal at https://t.co/y4S4ycwICA or by calling 11â€¦",140
1337874207179485186,H_Herrmann24,2020-12-12 21:37:22,"No good news fm Germany, hope is with coming lockdowns...
#COVID19 #Corona #CoronaSN #SARSCoV2 https://t.co/GyYAlcB5Aj",118
1337874195074707456,Bennett_DataSci,2020-12-12 21:37:19,"During the COVID-19 crisis, a lot of meaning has been imbued by people who want the numbers to support their argumeâ€¦ https://t.co/IQkpAOjmOM",140
1337873851456368642,PGoldschmeding,2020-12-12 21:35:57,Glad this man speaks out. Thatâ€™s why I have issues with other â€˜independentâ€™ â€˜expertsâ€™ saying there are virtually noâ€¦ https://t.co/Vleu6QeivA,140
1337873633830600705,tan_paulus27,2020-12-12 21:35:05,"United States Corona virus
Cases : 16,489,657
Deaths : 304,608 
Recovered : 9,605,712 Projections 
Closed Cases
9,9â€¦ https://t.co/vyjozF5iym",140
1337872928524951557,willowatthepond,2020-12-12 21:32:17,"Diese Analogie...
#corona #harterLockdown #gotteswerkundteufelsbeitrag https://t.co/RbAZSWxouf",94
1337872687427936263,IM_ON_Netflix,2020-12-12 21:31:19,"I've found a few positives to the #COVID19... Here it is:

""Benefits of COVID-19"" 

https://t.co/UVtt247G3Qâ€¦ https://t.co/I6pDyqFdD8",132
1337872597581643776,sukemomo,2020-12-12 21:30:58,"Last updated: 2020-12-12 21:05:02+00:00GMT
  Coronavirus [COVID-19]
    Cases: 71913008
    Deaths: 1608923â€¦ https://t.co/f3LUcIS0Xg",132
1337872459727593475,GDNonline,2020-12-12 21:30:25,"Bahrain yesterday recorded 145 new cases of Covid-19, alongside 158 recoveries and one fatalityâ€¦ https://t.co/sTXp4sWF1F",120
1337872144420761601,getprezzel,2020-12-12 21:29:10,Why is no one connecting dots between campus outbreaks and surge? @Rutgers is seeding the surge with impunityâ€¦ https://t.co/GRIJePQK4d,134
1337871994675609601,Shuaffenn,2020-12-12 21:28:34,"It's going down. #elmariachi #corona #latinosunidos #love @ Lake Mills, Wisconsin https://t.co/VvlIvfA6pq",105
1337871834319106056,philnessy,2020-12-12 21:27:56,So sad to see another legend gone from this #Corona ğŸ˜· ğŸ™ğŸ¾ğŸ™ğŸ¾ğŸ™ğŸ¾ #RIPCharleyPride ğŸ¶ğŸ¶ğŸ¶ #charleypride ğŸ™ğŸ¾ #philnessyâ€¦ https://t.co/qEnu7XBP9a,134
1337870099013840897,mshipwood,2020-12-12 21:21:02,"Anyone knows what happened to @elonmusk's confusion about the PCR-tests? (4 tests, 2pos/2neg) Has there been any foâ€¦ https://t.co/ptI2GwVanF",140
1337869568031723520,krishna444_test,2020-12-12 21:18:56,"#Corona Info for #USA:
New Cases: 147836
Today Recovery: 98236
Today Deaths: 1626
Total Active Cases: 6534069
Totalâ€¦ https://t.co/lNtw8RXeE1",140
1337869307972358146,eilishgleeson2,2020-12-12 21:17:54,Reason why face shield alone donâ€™t protect you from coronavirus #Coronavirus #corona #covid #facesheild https://t.co/Wgz5ZUHbf1,127
1337869276519292941,Rajasthan_PYC,2020-12-12 21:17:46,"RT @DrPalakVermaINC: Itâ€™s important to keep yourself and others secured from #Corona .

Glimpses from Todayâ€™s mask distribution at Shahjapuâ€¦",140
1337868579702792193,JimSanger,2020-12-12 21:15:00,"Actual substantive data on this question.

Personally Iâ€™d rather stay home than risk endangering anyone or spreadinâ€¦ https://t.co/p3IVdLQstS",140
1337868543585628161,DrAnthony,2020-12-12 21:14:51,4 tips to help you manage stress and regain focus https://t.co/cvhmoUeFwG #SaturdayVibes  #Saturday #SaturdayMoodâ€¦ https://t.co/yvT3wINXtd,138
1337867604250288131,golden_babes100,2020-12-12 21:11:07,"RT @Breezythreads_: ğŸ’•ğ™¸ğš–ğšŠğšğš’ğš—ğšŠğš›ğš¢ ğš‚ğšğš›ğš’ğšğšœğŸ’•
                   ~ ğ‘ƒğ‘œğ‘™ğ‘¦ğ‘ğ‘šğ‘œğ‘Ÿğ‘¦ ğ‘ƒğ‘¡. ğŸ¹ğŸ¼~

#Freakythread #FreakingRomance #Covid_19 #storytimethread #Râ€¦",140
1337866820217425920,janay15474288,2020-12-12 21:08:00,"RT @Breezythreads_: ğŸ’•ğ™¸ğš–ğšŠğšğš’ğš—ğšŠğš›ğš¢ ğš‚ğšğš›ğš’ğšğšœğŸ’•
                   ~ ğ‘ƒğ‘œğ‘™ğ‘¦ğ‘ğ‘šğ‘œğ‘Ÿğ‘¦ ğ‘ƒğ‘¡. ğŸ¹ğŸ¼~

#Freakythread #FreakingRomance #Covid_19 #storytimethread #Râ€¦",140
1337866798084059138,Breezythreads_,2020-12-12 21:07:55,"ğŸ’•ğ™¸ğš–ğšŠğšğš’ğš—ğšŠğš›ğš¢ ğš‚ğšğš›ğš’ğšğšœğŸ’•
                   ~ ğ‘ƒğ‘œğ‘™ğ‘¦ğ‘ğ‘šğ‘œğ‘Ÿğ‘¦ ğ‘ƒğ‘¡. ğŸ¹ğŸ¼~

#Freakythread #FreakingRomance #Covid_19â€¦ https://t.co/qWXwjLRCFG",124
1337866603132837889,IRANinPORTUGAL,2020-12-12 21:07:09,"RT @Iran_GOV: Since then, Iranian government spared no efforts for controlling and fighting the disease. He hailed political and social conâ€¦",140
1337864832322777088,TraitPro,2020-12-12 21:00:07,"RT @StaffordshireCC: Staffordshire Covid-19 Testing Locations

Book through the national portal at https://t.co/y4S4ycwICA or by calling 11â€¦",140
1337863999887724545,jol14,2020-12-12 20:56:48,RT @fransweisglas: Itâ€™s a big shame @Schiphol @KLM @transavia @hugodejonge @CvNieuwenhuizen @rivm Please stop it #coronamaatregelen #corona,139
1337863653660512258,ihirenjoshi1111,2020-12-12 20:55:25,"RT @WesternRly: Prefer Precautions, Not #Corona!

Right precautions can protect you from #coronavirus. Washing/sanitizing hands frequently,â€¦",140
1337863623524249600,hi_its_laura1,2020-12-12 20:55:18,"Wow. We will probably hit 300,000 deaths in the next 2-3 days. 300,000 LIVES LOST. #COVID #Corona #DonaldTrumpâ€¦ https://t.co/gZgbv51cfZ",135
1337863435787235328,MzzMerlin7891,2020-12-12 20:54:34,"RT @ZShep: @PaulStetson13 @AbitofthisKaren @elizfulop @RyanAFournier Case in point, mask wearing is NOT a major factor in the spread of COVâ€¦",140
1337862772852342784,jeska_krugr,2020-12-12 20:51:55,"We are losing 3,000 people per day right now and some people are still calling this a phony pandemic?? Probably theâ€¦ https://t.co/L6QU7CCfTq",140
1337862684994375681,wtfwtfwft111,2020-12-12 20:51:35,RT @GiYohanni: Mask fanatic spat on woman for not wearing a mask while hiking outside. #Corona is primarily a media-generated #psychovirusâ€¦,139
1337862002518188032,krishna444_test,2020-12-12 20:48:52,"#Corona Info for #India:
New Cases: 27182
Today Recovery: 29254
Today Deaths: 332
Total Active Cases: 358168
Totalâ€¦ https://t.co/9ICpuVqCwa",139
1337861999720607746,krishna444_test,2020-12-12 20:48:51,"#Corona Info for #USA:
New Cases: 140953
Today Recovery: 59404
Today Deaths: 1377
Total Active Cases: 6566267
Totalâ€¦ https://t.co/XG0Q5k9J84",140
1337861995668926473,krishna444_test,2020-12-12 20:48:50,"#Corona Info for #Germany:
New Cases: 18425
Today Recovery: 15400
Today Deaths: 276
Total Active Cases: 337605
Totaâ€¦ https://t.co/nxLaj4aFAL",140
1337861732635729922,AliceVZHarrison,2020-12-12 20:47:47,"@joanjett @Krist_Stew_Love Speaking of KStew, here she is in a recent interview clip from Jimmy Kimmel, where I THIâ€¦ https://t.co/iMRaVUTcCU",140
1337861636061876226,Cindyguarnieri1,2020-12-12 20:47:24,RT @DrAnthony: Half of those making $100k fear theyâ€™ll never retire https://t.co/X0J13dL82a #FridayFeeling #Friday #FridayMotivation #Careeâ€¦,140
1337860980303298560,GiYohanni,2020-12-12 20:44:48,Mask fanatic spat on woman for not wearing a mask while hiking outside. #Corona is primarily a media-generatedâ€¦ https://t.co/3mKUP8TkZ8,135
1337860785775783936,Bot_TwLehrerZ,2020-12-12 20:44:02,RT @mgrosty: Celtic Thunder -  'Christmas 1915' https://t.co/vHDUAbyGWU via @YouTube #Schule #twlz @Bot_TwLehrerZ #BildungAberSicher #Schooâ€¦,140
1337860444896305159,mgrosty,2020-12-12 20:42:40,Celtic Thunder -  'Christmas 1915' https://t.co/vHDUAbyGWU via @YouTube #Schule #twlz @Bot_TwLehrerZâ€¦ https://t.co/JTsE5vCFXc,125
1337858806055890945,sandrasuelyin,2020-12-12 20:36:10,"RT @Bloodpointorg: #Delhi #SOS #COVID19India
Need A+ve #Blood  #plasma from #covidrecovery  patient
Illness #Corona
At Bhagwati Hospital Roâ€¦",140
1337858793267466241,sandrasuelyin,2020-12-12 20:36:07,"RT @Bloodpointorg: #Silchar #SOS #COVID19India
Need AB+ve #Blood  #plasma from #covidrecovery  patient
Illness #Corona
At Silchar Medical Câ€¦",140
1337858748539432960,sandrasuelyin,2020-12-12 20:35:56,"RT @Bloodpointorg: #Pune #SOS #COVID19India
Need AB+ve #Blood #plasma from #covidrecovery  patient
Illness #Corona
At Lokmanya Tilak Hospitâ€¦",140
1337858623238713350,sandrasuelyin,2020-12-12 20:35:26,"RT @Bloodpointorg: #Delhi #SOS #COVID19India
Need O+ve #Blood #plasma from #covidrecovery  patient
Illness #Corona 
At Action Balaji 
Contaâ€¦",140
1337858602070106113,sandrasuelyin,2020-12-12 20:35:21,"RT @Bloodpointorg: #Hyderabad #SOS #COVID19India
Need B+ve #Blood #plasma from #covidrecovery  patient
Illness #Corona
At Kamineni Hospitalâ€¦",140
1337858368321544194,sandrasuelyin,2020-12-12 20:34:25,"RT @Bloodpointorg: #Delhi #SOS #COVID19India
Need O+ve #Blood  #plasma from #covidrecovery  patient
Illness #Corona
At Max Shalimar Bagh
Coâ€¦",140
1337858022228586498,haskayaaslan,2020-12-12 20:33:03,"RT @optimatechnic: @optimatechnic  Mobile Hospital Projects...

#madeinturkey #mobilehospital #germany #bsl2 #bsl2laboratory #laboratory #oâ€¦",140
1337857496984158209,sukemomo,2020-12-12 20:30:58,"Last updated: 2020-12-12 20:05:01+00:00GMT
  Coronavirus [COVID-19]
    Cases: 71880180
    Deaths: 1608398â€¦ https://t.co/za19e8ThL0",132
1337856987288252416,topical_talk,2020-12-12 20:28:56,"ğŸ“£ New Podcast! ""Episode 197: Proof of Corona Herd immunity, Unnecessary lock-down potentially dangerous vaccines anâ€¦ https://t.co/ADNFDh9IU9",140
1337856147336929281,MUHAMMA28804136,2020-12-12 20:25:36,"Maryam Nawaz Sharif meeting in Lahore Today 
Where are you #Corona https://t.co/CsNLTUWnR4",90
1337855507470626818,UniversalStats,2020-12-12 20:23:03,"Most coronavirus COVID-19 deaths:

ğŸ‡ºğŸ‡¸ USA - 303,831
ğŸ‡§ğŸ‡· Brazil - 180,552
ğŸ‡®ğŸ‡³ India - 142,994
ğŸ‡²ğŸ‡½ Mexico - 113,019
ğŸ‡®ğŸ‡¹ Iâ€¦ https://t.co/oGQoF6ISlm",140
1337855412897505282,Tmeyer2008,2020-12-12 20:22:41,"RT @melissawatsonf1: Todayâ€™s Numbers: 

17,000- the no. of new #Corona cases in SC this week. 

3137- the no. of new positive cases in SC tâ€¦",140
1337854738403110914,GreenNewDeal_EU,2020-12-12 20:20:00,RT @RobertB_Fishman: #ClimateEmergency: Stopp making debts for rebuilding an economy that destroys our planet. #GreenNewDeal now. All #Coroâ€¦,140
1337854441102467072,krishna444_test,2020-12-12 20:18:49,"#Corona Info for #USA:
New Cases: 128694
Today Recovery: 55528
Today Deaths: 1369
Total Active Cases: 6557892
Totalâ€¦ https://t.co/2BdD2CdF5I",140
1337853722337095688,vpbce3,2020-12-12 20:15:58,"#SundayMorning service is on ""Hope"". ğŸ”—with monthly ğŸ™For The ğŸŒ

#SundayThoughts ğŸ‘‰ https://t.co/IaWEPXTFboâ€¦ https://t.co/29n1VBEH3I",129
1337853273584373760,GDNonline,2020-12-12 20:14:11,"The Health Ministry has announced the death of a 58-year-old Bahraini woman from Covid-19 today.

This takes the toâ€¦ https://t.co/0ZY3tv00fQ",140
1337853078083604484,Susanna74219645,2020-12-12 20:13:24,"I am locking forward to the time, when #corona is a beer ğŸº and #Donald is a ğŸ¦† duck again.",89
1337852600155246593,Mira63330096,2020-12-12 20:11:30,"RT @iran_true: 8,201 new #coronavirus cases were confirmed by PCR tests since yesterday in Iran while 221 have died!
IR MoHâ€™s manipulated dâ€¦",140
1337852327068360706,muniriqbal8420,2020-12-12 20:10:25,"RT @GDNonline: Two more MPs have tested positive for Covid-19 during quarantine

https://t.co/Lp71FO5vTx

#Bahrain #Manama #Covid19 #Coronaâ€¦",140
1337852267215654914,RobertB_Fishman,2020-12-12 20:10:11,#ClimateEmergency: Stopp making debts for rebuilding an economy that destroys our planet. #GreenNewDeal now. Allâ€¦ https://t.co/fLOnHyl6Zq,137
1337851983714267154,cjcandlebrewers,2020-12-12 20:09:03,Our Corona VapoRub candle is really popular right now ğŸ˜·ğŸ˜Š #corona #vaporub #lockdown2020 #covid19 #gift #etsyâ€¦ https://t.co/7gnYLJUtoc,133
1337851829523161088,obneel,2020-12-12 20:08:26,"If you are sincere, they be happy..cause You r safe then.
#StaySafe 
#Corona 
#StayAtHome https://t.co/A0mKPMCRKG",113
1337851812943171588,SAMFRANCISCONI,2020-12-12 20:08:22,"RT @Bloodpointorg: #Pune #SOS #COVID19India
Need AB+ve #Blood #plasma from #covidrecovery  patient
Illness #Corona
At Lokmanya Tilak Hospitâ€¦",140
1337851804768493573,UPLproject,2020-12-12 20:08:20,See our collection of face masks ğŸ˜· ... even our unusual ones! ğŸ˜†#facemask #covid #mask #coronavirus #staysafe #masksâ€¦ https://t.co/xqpGbal5IJ,140
1337851739563810817,RichyAndreu,2020-12-12 20:08:05,"RT @duckylemon: ""Insidious"", 30cm x 40cm
.
.
Please visit my shop ğŸ–¤
https://t.co/cCHDGdrKWX
.

#painting #surrealism #surrealart #acrylicarâ€¦",140
1337851530498682882,GDNonline,2020-12-12 20:07:15,"Two more MPs have tested positive for Covid-19 during quarantine

https://t.co/Lp71FO5vTx

#Bahrain #Manamaâ€¦ https://t.co/XS2YQXSjj1",132
1337851392917000192,Dantethecomic,2020-12-12 20:06:42,RT @Dantethecomic: Hey @gavinnewsom @lapdhq @lasdhq #lapd The #police in #losangeles are not wearing #masks. This is how they act all the tâ€¦,140
1337851316203376641,SAMFRANCISCONI,2020-12-12 20:06:24,"RT @Bloodpointorg: #Delhi #SOS #COVID19India
Need O+ve #Blood #plasma from #covidrecovery  patient
Illness #Corona 
At Action Balaji 
Contaâ€¦",140
1337851191221432326,SAMFRANCISCONI,2020-12-12 20:05:54,"RT @Bloodpointorg: #Delhi #SOS #COVID19India
Need O+ve #Blood  #plasma from #covidrecovery  patient
Illness #Corona
At Max Shalimar Bagh
Coâ€¦",140
1337851064868102152,burhan1791,2020-12-12 20:05:24,RT @RasitDinc: We hereby honor to announce that we have developed a brand new treatment method using UV rays / Laser Ray that might be usedâ€¦,140
1337850980755357696,tan_paulus27,2020-12-12 20:05:04,"United States Corona virus
Cases : 16,425,038
Deaths : 304,142 
Recovered : 9,563,004 Projections 
Closed Cases
9,8â€¦ https://t.co/H7sSH8oQRJ",140
1337850884240384010,SAMFRANCISCONI,2020-12-12 20:04:41,"RT @Bloodpointorg: #Hyderabad #SOS #COVID19India
Need B+ve #Blood #plasma from #covidrecovery  patient
Illness #Corona
At Kamineni Hospitalâ€¦",140
1337850386200354817,AndrePamplona15,2020-12-12 20:02:42,RT @RasitDinc: We hereby honor to announce that we have developed a brand new treatment method using UV rays / Laser Ray that might be usedâ€¦,140
1337850174509637632,dragonuyradio14,2020-12-12 20:01:52,"RT @PawlowskiMario: Are you planning to take #Vaccine for #Covid19 as soon as itâ€™s available to you?

#Pandemic #Virus #Health #WHO #Coronaâ€¦",140
1337849920573861894,Isaak352,2020-12-12 20:00:51,RT @RasitDinc: We hereby honor to announce that we have developed a brand new treatment method using UV rays / Laser Ray that might be usedâ€¦,140
1337849708530700289,testcorona,2020-12-12 20:00:01,"GP-led sites are due to begin vaccinations next week, after the first batch of doses went out to hospital sites onâ€¦ https://t.co/XXM9sjGrPD",139
1337849655024037892,stijn244,2020-12-12 19:59:48,RT @RasitDinc: We hereby honor to announce that we have developed a brand new treatment method using UV rays / Laser Ray that might be usedâ€¦,140
1337849629417869314,yulyquimbaya,2020-12-12 19:59:42,RT @RasitDinc: We hereby honor to announce that we have developed a brand new treatment method using UV rays / Laser Ray that might be usedâ€¦,140
1337849596794515456,dinasuarezdiaz,2020-12-12 19:59:34,RT @RasitDinc: We hereby honor to announce that we have developed a brand new treatment method using UV rays / Laser Ray that might be usedâ€¦,140
1337849435770896384,ZShep,2020-12-12 19:58:56,"@elizfulop Case in point, mask wearing is NOT a major factor in the spread of COVID or other illness. Straight fromâ€¦ https://t.co/kKUHuUlh75",140
1337849395275059206,dimas5071522,2020-12-12 19:58:46,RT @RasitDinc: We hereby honor to announce that we have developed a brand new treatment method using UV rays / Laser Ray that might be usedâ€¦,140
1337849267621343238,dorinaursache,2020-12-12 19:58:16,RT @RasitDinc: We hereby honor to announce that we have developed a brand new treatment method using UV rays / Laser Ray that might be usedâ€¦,140
1337849158560931840,ZShep,2020-12-12 19:57:50,"@PaulStetson13 @AbitofthisKaren @elizfulop @RyanAFournier Case in point, mask wearing is NOT a major factor in theâ€¦ https://t.co/CZKHfbhLtA",139
1337849128378888192,aan_gatixa,2020-12-12 19:57:42,RT @RasitDinc: We hereby honor to announce that we have developed a brand new treatment method using UV rays / Laser Ray that might be usedâ€¦,140
1337849127615557633,jazielrojascuen,2020-12-12 19:57:42,RT @RasitDinc: We hereby honor to announce that we have developed a brand new treatment method using UV rays / Laser Ray that might be usedâ€¦,140
1337849006077194242,GKelekcioglu,2020-12-12 19:57:13,RT @RasitDinc: We hereby honor to announce that we have developed a brand new treatment method using UV rays / Laser Ray that might be usedâ€¦,140
1337848997227139073,XXXcody,2020-12-12 19:57:11,RT @RasitDinc: We hereby honor to announce that we have developed a brand new treatment method using UV rays / Laser Ray that might be usedâ€¦,140
1337848978436665345,beyza1536,2020-12-12 19:57:07,RT @RasitDinc: We hereby honor to announce that we have developed a brand new treatment method using UV rays / Laser Ray that might be usedâ€¦,140
1337848918131011585,SerenaHotm,2020-12-12 19:56:52,RT @RasitDinc: We hereby honor to announce that we have developed a brand new treatment method using UV rays / Laser Ray that might be usedâ€¦,140
1337848771674304518,xgny,2020-12-12 19:56:17,RT @RasitDinc: We hereby honor to announce that we have developed a brand new treatment method using UV rays / Laser Ray that might be usedâ€¦,140
1337848757430464518,cutebestieee,2020-12-12 19:56:14,RT @RasitDinc: We hereby honor to announce that we have developed a brand new treatment method using UV rays / Laser Ray that might be usedâ€¦,140
1337848606053847042,BreccanB,2020-12-12 19:55:38,RT @RasitDinc: We hereby honor to announce that we have developed a brand new treatment method using UV rays / Laser Ray that might be usedâ€¦,140
1337848587976404993,sooma508,2020-12-12 19:55:34,RT @RasitDinc: We hereby honor to announce that we have developed a brand new treatment method using UV rays / Laser Ray that might be usedâ€¦,140
1337848583501045763,andream99866505,2020-12-12 19:55:32,RT @RasitDinc: We hereby honor to announce that we have developed a brand new treatment method using UV rays / Laser Ray that might be usedâ€¦,140
1337848535321022464,havanamariah,2020-12-12 19:55:21,RT @RasitDinc: We hereby honor to announce that we have developed a brand new treatment method using UV rays / Laser Ray that might be usedâ€¦,140
1337848519873454082,arman908,2020-12-12 19:55:17,RT @RasitDinc: We hereby honor to announce that we have developed a brand new treatment method using UV rays / Laser Ray that might be usedâ€¦,140
1337848513942740992,brendon68293675,2020-12-12 19:55:16,RT @RasitDinc: We hereby honor to announce that we have developed a brand new treatment method using UV rays / Laser Ray that might be usedâ€¦,140
1337848507483492356,larissa2_5,2020-12-12 19:55:14,RT @RasitDinc: We hereby honor to announce that we have developed a brand new treatment method using UV rays / Laser Ray that might be usedâ€¦,140
1337848501884112897,Christien1351,2020-12-12 19:55:13,RT @RasitDinc: We hereby honor to announce that we have developed a brand new treatment method using UV rays / Laser Ray that might be usedâ€¦,140
1337848498197307392,hanniaaguilar,2020-12-12 19:55:12,RT @RasitDinc: We hereby honor to announce that we have developed a brand new treatment method using UV rays / Laser Ray that might be usedâ€¦,140
1337848497664614405,ViTToRio_UdL,2020-12-12 19:55:12,RT @RasitDinc: We hereby honor to announce that we have developed a brand new treatment method using UV rays / Laser Ray that might be usedâ€¦,140
1337848484909690884,cyana18,2020-12-12 19:55:09,RT @RasitDinc: We hereby honor to announce that we have developed a brand new treatment method using UV rays / Laser Ray that might be usedâ€¦,140
1337848415028441090,j_moraga,2020-12-12 19:54:52,RT @RasitDinc: We hereby honor to announce that we have developed a brand new treatment method using UV rays / Laser Ray that might be usedâ€¦,140
1337848402684620805,BAMjosh1,2020-12-12 19:54:49,RT @RasitDinc: We hereby honor to announce that we have developed a brand new treatment method using UV rays / Laser Ray that might be usedâ€¦,140
1337848331737968640,1907_zelik,2020-12-12 19:54:32,RT @RasitDinc: We hereby honor to announce that we have developed a brand new treatment method using UV rays / Laser Ray that might be usedâ€¦,140
1337848296526778368,amichaelz1,2020-12-12 19:54:24,RT @RasitDinc: We hereby honor to announce that we have developed a brand new treatment method using UV rays / Laser Ray that might be usedâ€¦,140
1337848285084651522,lukasrenan2,2020-12-12 19:54:21,RT @RasitDinc: We hereby honor to announce that we have developed a brand new treatment method using UV rays / Laser Ray that might be usedâ€¦,140
1337848253384192001,bilge1230,2020-12-12 19:54:14,RT @RasitDinc: We hereby honor to announce that we have developed a brand new treatment method using UV rays / Laser Ray that might be usedâ€¦,140
1337848251308011521,cheickoumard,2020-12-12 19:54:13,RT @RasitDinc: We hereby honor to announce that we have developed a brand new treatment method using UV rays / Laser Ray that might be usedâ€¦,140
1337848232148430850,AncasterTara,2020-12-12 19:54:09,RT @RasitDinc: We hereby honor to announce that we have developed a brand new treatment method using UV rays / Laser Ray that might be usedâ€¦,140
1337848230852390913,diegodavidsand1,2020-12-12 19:54:08,RT @RasitDinc: We hereby honor to announce that we have developed a brand new treatment method using UV rays / Laser Ray that might be usedâ€¦,140
1337848228985921538,itss_sutton,2020-12-12 19:54:08,RT @RasitDinc: We hereby honor to announce that we have developed a brand new treatment method using UV rays / Laser Ray that might be usedâ€¦,140
1337848216746938369,starbo_skille,2020-12-12 19:54:05,RT @RasitDinc: We hereby honor to announce that we have developed a brand new treatment method using UV rays / Laser Ray that might be usedâ€¦,140
1337848200674291713,Noah879,2020-12-12 19:54:01,RT @RasitDinc: We hereby honor to announce that we have developed a brand new treatment method using UV rays / Laser Ray that might be usedâ€¦,140
1337848194349330435,mariaco16330005,2020-12-12 19:54:00,RT @RasitDinc: We hereby honor to announce that we have developed a brand new treatment method using UV rays / Laser Ray that might be usedâ€¦,140
1337848182810816514,deisibibiana,2020-12-12 19:53:57,RT @RasitDinc: We hereby honor to announce that we have developed a brand new treatment method using UV rays / Laser Ray that might be usedâ€¦,140
1337848182299107335,damarys1969,2020-12-12 19:53:57,RT @RasitDinc: We hereby honor to announce that we have developed a brand new treatment method using UV rays / Laser Ray that might be usedâ€¦,140
1337848181376299013,HuJeHu,2020-12-12 19:53:57,RT @RasitDinc: We hereby honor to announce that we have developed a brand new treatment method using UV rays / Laser Ray that might be usedâ€¦,140
1337848176645181443,candy17558,2020-12-12 19:53:55,RT @RasitDinc: We hereby honor to announce that we have developed a brand new treatment method using UV rays / Laser Ray that might be usedâ€¦,140
1337848169410015236,Elianny028,2020-12-12 19:53:54,RT @RasitDinc: We hereby honor to announce that we have developed a brand new treatment method using UV rays / Laser Ray that might be usedâ€¦,140
1337848165953921026,SoolChuletas,2020-12-12 19:53:53,RT @RasitDinc: We hereby honor to announce that we have developed a brand new treatment method using UV rays / Laser Ray that might be usedâ€¦,140
1337848149369638912,coipd30,2020-12-12 19:53:49,RT @RasitDinc: We hereby honor to announce that we have developed a brand new treatment method using UV rays / Laser Ray that might be usedâ€¦,140
1337848146936946689,carlosbernales1,2020-12-12 19:53:48,RT @RasitDinc: We hereby honor to announce that we have developed a brand new treatment method using UV rays / Laser Ray that might be usedâ€¦,140
1337848146530066435,ingrid_souza23,2020-12-12 19:53:48,RT @RasitDinc: We hereby honor to announce that we have developed a brand new treatment method using UV rays / Laser Ray that might be usedâ€¦,140
1337848146127368193,1887gaby,2020-12-12 19:53:48,RT @RasitDinc: We hereby honor to announce that we have developed a brand new treatment method using UV rays / Laser Ray that might be usedâ€¦,140
1337848143824756738,vestanaer,2020-12-12 19:53:48,RT @RasitDinc: We hereby honor to announce that we have developed a brand new treatment method using UV rays / Laser Ray that might be usedâ€¦,140
1337848141337534469,zsemba,2020-12-12 19:53:47,RT @RasitDinc: We hereby honor to announce that we have developed a brand new treatment method using UV rays / Laser Ray that might be usedâ€¦,140
1337848135926812682,SendurBahar,2020-12-12 19:53:46,RT @RasitDinc: We hereby honor to announce that we have developed a brand new treatment method using UV rays / Laser Ray that might be usedâ€¦,140
1337848135448748039,khatijasundus,2020-12-12 19:53:46,RT @RasitDinc: We hereby honor to announce that we have developed a brand new treatment method using UV rays / Laser Ray that might be usedâ€¦,140
1337848127760556041,1154Zehra,2020-12-12 19:53:44,RT @RasitDinc: We hereby honor to announce that we have developed a brand new treatment method using UV rays / Laser Ray that might be usedâ€¦,140
1337848119871107073,Ramirez2977,2020-12-12 19:53:42,RT @RasitDinc: We hereby honor to announce that we have developed a brand new treatment method using UV rays / Laser Ray that might be usedâ€¦,140
1337848114854637568,analis505,2020-12-12 19:53:41,RT @RasitDinc: We hereby honor to announce that we have developed a brand new treatment method using UV rays / Laser Ray that might be usedâ€¦,140
1337848093803503624,hassan47515,2020-12-12 19:53:36,RT @RasitDinc: We hereby honor to announce that we have developed a brand new treatment method using UV rays / Laser Ray that might be usedâ€¦,140
1337847985833734146,rama9017,2020-12-12 19:53:10,RT @RasitDinc: We hereby honor to announce that we have developed a brand new treatment method using UV rays / Laser Ray that might be usedâ€¦,140
1337847961263476743,Andreia1751,2020-12-12 19:53:04,RT @RasitDinc: We hereby honor to announce that we have developed a brand new treatment method using UV rays / Laser Ray that might be usedâ€¦,140
1337847933853724674,cerna135,2020-12-12 19:52:58,RT @RasitDinc: We hereby honor to announce that we have developed a brand new treatment method using UV rays / Laser Ray that might be usedâ€¦,140
1337847911967830018,Charly4948,2020-12-12 19:52:52,RT @RasitDinc: We hereby honor to announce that we have developed a brand new treatment method using UV rays / Laser Ray that might be usedâ€¦,140
1337847910600499201,panmsa123456,2020-12-12 19:52:52,RT @RasitDinc: We hereby honor to announce that we have developed a brand new treatment method using UV rays / Laser Ray that might be usedâ€¦,140
1337847887779270659,tahir1206,2020-12-12 19:52:47,RT @RasitDinc: We hereby honor to announce that we have developed a brand new treatment method using UV rays / Laser Ray that might be usedâ€¦,140
1337847869517275136,Martha1731,2020-12-12 19:52:42,RT @RasitDinc: We hereby honor to announce that we have developed a brand new treatment method using UV rays / Laser Ray that might be usedâ€¦,140
1337847866442854403,m_oe910,2020-12-12 19:52:42,RT @RasitDinc: We hereby honor to announce that we have developed a brand new treatment method using UV rays / Laser Ray that might be usedâ€¦,140
1337847853197250567,DEMA2910,2020-12-12 19:52:38,RT @RasitDinc: We hereby honor to announce that we have developed a brand new treatment method using UV rays / Laser Ray that might be usedâ€¦,140
1337847850680651776,BlakeM21,2020-12-12 19:52:38,RT @RasitDinc: We hereby honor to announce that we have developed a brand new treatment method using UV rays / Laser Ray that might be usedâ€¦,140
1337847839632859137,patrici35217745,2020-12-12 19:52:35,RT @RasitDinc: We hereby honor to announce that we have developed a brand new treatment method using UV rays / Laser Ray that might be usedâ€¦,140
1337847834457071618,daisymae341,2020-12-12 19:52:34,RT @RasitDinc: We hereby honor to announce that we have developed a brand new treatment method using UV rays / Laser Ray that might be usedâ€¦,140
1337847833207169024,DJSnuffOne,2020-12-12 19:52:34,yes @guydence1 #vaccines #pandemic #fraud say no to #mandatory #vaccination #corona #lockdown https://t.co/I2InCxPbGv,117
1337847821769318400,danai1012,2020-12-12 19:52:31,RT @RasitDinc: We hereby honor to announce that we have developed a brand new treatment method using UV rays / Laser Ray that might be usedâ€¦,140
1337847776093286402,clifford416,2020-12-12 19:52:20,RT @RasitDinc: We hereby honor to announce that we have developed a brand new treatment method using UV rays / Laser Ray that might be usedâ€¦,140
1337847775149649925,demilovato292,2020-12-12 19:52:20,RT @RasitDinc: We hereby honor to announce that we have developed a brand new treatment method using UV rays / Laser Ray that might be usedâ€¦,140
1337847773421596675,Del12351,2020-12-12 19:52:19,RT @RasitDinc: We hereby honor to announce that we have developed a brand new treatment method using UV rays / Laser Ray that might be usedâ€¦,140
1337847771991302144,577Alison,2020-12-12 19:52:19,RT @RasitDinc: We hereby honor to announce that we have developed a brand new treatment method using UV rays / Laser Ray that might be usedâ€¦,140
1337847740005572611,josueheyduhboss,2020-12-12 19:52:11,RT @RasitDinc: We hereby honor to announce that we have developed a brand new treatment method using UV rays / Laser Ray that might be usedâ€¦,140
1337847738361384972,Rojas1432,2020-12-12 19:52:11,RT @RasitDinc: We hereby honor to announce that we have developed a brand new treatment method using UV rays / Laser Ray that might be usedâ€¦,140
1337847717847060482,martinherrera31,2020-12-12 19:52:06,RT @RasitDinc: We hereby honor to announce that we have developed a brand new treatment method using UV rays / Laser Ray that might be usedâ€¦,140
1337847644937474049,AliKhan61975989,2020-12-12 19:51:49,RT @RasitDinc: We hereby honor to announce that we have developed a brand new treatment method using UV rays / Laser Ray that might be usedâ€¦,140
1337847507653693442,Ah18274916,2020-12-12 19:51:16,RT @RasitDinc: We hereby honor to announce that we have developed a brand new treatment method using UV rays / Laser Ray that might be usedâ€¦,140
1337847504033943552,c_kelvis,2020-12-12 19:51:15,RT @RasitDinc: We hereby honor to announce that we have developed a brand new treatment method using UV rays / Laser Ray that might be usedâ€¦,140
1337847493615345665,182Nieto,2020-12-12 19:51:13,RT @RasitDinc: We hereby honor to announce that we have developed a brand new treatment method using UV rays / Laser Ray that might be usedâ€¦,140
1337847492776513537,PawlowskiMario,2020-12-12 19:51:12,"Are you planning to take #Vaccine for #Covid19 as soon as itâ€™s available to you?

#Pandemic #Virus #Health #WHOâ€¦ https://t.co/RdCUyt4Rhg",136
1337847492013158401,azeez_124,2020-12-12 19:51:12,RT @RasitDinc: We hereby honor to announce that we have developed a brand new treatment method using UV rays / Laser Ray that might be usedâ€¦,140
1337847476905242627,josejua57718002,2020-12-12 19:51:09,RT @RasitDinc: We hereby honor to announce that we have developed a brand new treatment method using UV rays / Laser Ray that might be usedâ€¦,140
1337847461910548482,jully358jully,2020-12-12 19:51:05,RT @RasitDinc: We hereby honor to announce that we have developed a brand new treatment method using UV rays / Laser Ray that might be usedâ€¦,140
1337847446752399360,yaarbayli,2020-12-12 19:51:01,RT @RasitDinc: We hereby honor to announce that we have developed a brand new treatment method using UV rays / Laser Ray that might be usedâ€¦,140
1337847445825478656,Blyrmsnz,2020-12-12 19:51:01,RT @RasitDinc: We hereby honor to announce that we have developed a brand new treatment method using UV rays / Laser Ray that might be usedâ€¦,140
1337847424426106881,areliszaens,2020-12-12 19:50:56,RT @RasitDinc: We hereby honor to announce that we have developed a brand new treatment method using UV rays / Laser Ray that might be usedâ€¦,140
1337847401596465153,XA7md07X,2020-12-12 19:50:51,RT @RasitDinc: We hereby honor to announce that we have developed a brand new treatment method using UV rays / Laser Ray that might be usedâ€¦,140
1337847398501113856,alexia535,2020-12-12 19:50:50,RT @RasitDinc: We hereby honor to announce that we have developed a brand new treatment method using UV rays / Laser Ray that might be usedâ€¦,140
1337847394201968656,cayo37,2020-12-12 19:50:49,RT @RasitDinc: We hereby honor to announce that we have developed a brand new treatment method using UV rays / Laser Ray that might be usedâ€¦,140
1337847392486518784,n4kkix,2020-12-12 19:50:49,#à¹€à¸™à¹€à¸™à¹ˆ #ZhengNaixin #Nene #éƒ‘ä¹ƒé¦¨ #YTSN #BonBonGirls303 #ç¡¬ç³–å°‘å¥³303 #Chuang2020 #ProduceCamp #åˆ›é€ è¥2020  #fancam #é™ˆå“ç’‡ #ç‹â€¦ https://t.co/EYORDjmYAr,137
1337847376086753280,angelfabiancoro,2020-12-12 19:50:45,RT @RasitDinc: We hereby honor to announce that we have developed a brand new treatment method using UV rays / Laser Ray that might be usedâ€¦,140
1337847373872107520,richard1050,2020-12-12 19:50:44,RT @RasitDinc: We hereby honor to announce that we have developed a brand new treatment method using UV rays / Laser Ray that might be usedâ€¦,140
1337847360123252736,ye_corona,2020-12-12 19:50:41,RT @RasitDinc: We hereby honor to announce that we have developed a brand new treatment method using UV rays / Laser Ray that might be usedâ€¦,140
1337847357183037441,clever14302,2020-12-12 19:50:40,RT @RasitDinc: We hereby honor to announce that we have developed a brand new treatment method using UV rays / Laser Ray that might be usedâ€¦,140
1337847346240114690,steve_1905,2020-12-12 19:50:38,RT @RasitDinc: We hereby honor to announce that we have developed a brand new treatment method using UV rays / Laser Ray that might be usedâ€¦,140
1337847340544233478,Manuelitogaza,2020-12-12 19:50:36,RT @RasitDinc: We hereby honor to announce that we have developed a brand new treatment method using UV rays / Laser Ray that might be usedâ€¦,140
1337847327713882112,MichellezxcJH,2020-12-12 19:50:33,RT @RasitDinc: We hereby honor to announce that we have developed a brand new treatment method using UV rays / Laser Ray that might be usedâ€¦,140
1337847247212597249,jheinecaroline,2020-12-12 19:50:14,RT @RasitDinc: We hereby honor to announce that we have developed a brand new treatment method using UV rays / Laser Ray that might be usedâ€¦,140
1337847207345729544,costadeandarde,2020-12-12 19:50:04,RT @RasitDinc: We hereby honor to announce that we have developed a brand new treatment method using UV rays / Laser Ray that might be usedâ€¦,140
1337847206494281730,standard3d,2020-12-12 19:50:04,#Corona Render formats now supported #ArchViz #boardfeatured #vizpro https://t.co/vhexz2Syk8,92
1337847149955067907,aleila1,2020-12-12 19:49:51,RT @RasitDinc: We hereby honor to announce that we have developed a brand new treatment method using UV rays / Laser Ray that might be usedâ€¦,140
1337847109232566274,meryem1678,2020-12-12 19:49:41,RT @RasitDinc: We hereby honor to announce that we have developed a brand new treatment method using UV rays / Laser Ray that might be usedâ€¦,140
1337847044170522632,han_1375,2020-12-12 19:49:25,RT @RasitDinc: We hereby honor to announce that we have developed a brand new treatment method using UV rays / Laser Ray that might be usedâ€¦,140
1337847041020448769,ACTIVEC5,2020-12-12 19:49:25,"Active-C

.

.

#who #activecharcoal #ngo #airpollution #waterpollution #covid #personalhealth #industry #coronaâ€¦ https://t.co/LJmHMNYQ1A",137
1337847040601165825,RichardWimmer,2020-12-12 19:49:25,RT @RasitDinc: We hereby honor to announce that we have developed a brand new treatment method using UV rays / Laser Ray that might be usedâ€¦,140
1337847002575613952,alister_gamer,2020-12-12 19:49:16,RT @RasitDinc: We hereby honor to announce that we have developed a brand new treatment method using UV rays / Laser Ray that might be usedâ€¦,140
1337846995122348034,118Noobelleza,2020-12-12 19:49:14,RT @RasitDinc: We hereby honor to announce that we have developed a brand new treatment method using UV rays / Laser Ray that might be usedâ€¦,140
1337846977317531650,GeelyouK,2020-12-12 19:49:10,RT @RasitDinc: We hereby honor to announce that we have developed a brand new treatment method using UV rays / Laser Ray that might be usedâ€¦,140
1337846971999145986,cecilelegault,2020-12-12 19:49:08,RT @RasitDinc: We hereby honor to announce that we have developed a brand new treatment method using UV rays / Laser Ray that might be usedâ€¦,140
1337846961723101184,328Oscar,2020-12-12 19:49:06,RT @RasitDinc: We hereby honor to announce that we have developed a brand new treatment method using UV rays / Laser Ray that might be usedâ€¦,140
1337846960833892354,jee3211,2020-12-12 19:49:06,RT @RasitDinc: We hereby honor to announce that we have developed a brand new treatment method using UV rays / Laser Ray that might be usedâ€¦,140
1337846955066744835,isabelle1620,2020-12-12 19:49:04,RT @RasitDinc: We hereby honor to announce that we have developed a brand new treatment method using UV rays / Laser Ray that might be usedâ€¦,140
1337846954873806852,arlenegcrazy92,2020-12-12 19:49:04,RT @RasitDinc: We hereby honor to announce that we have developed a brand new treatment method using UV rays / Laser Ray that might be usedâ€¦,140
1337846953858764802,Bogdan67816552,2020-12-12 19:49:04,RT @RasitDinc: We hereby honor to announce that we have developed a brand new treatment method using UV rays / Laser Ray that might be usedâ€¦,140
1337846919821996040,Orozco1187,2020-12-12 19:48:56,RT @RasitDinc: We hereby honor to announce that we have developed a brand new treatment method using UV rays / Laser Ray that might be usedâ€¦,140
1337846919436132355,Acosta603,2020-12-12 19:48:56,RT @RasitDinc: We hereby honor to announce that we have developed a brand new treatment method using UV rays / Laser Ray that might be usedâ€¦,140
1337846917678686213,thA9xfGZ4T6vgB8,2020-12-12 19:48:55,RT @RasitDinc: We hereby honor to announce that we have developed a brand new treatment method using UV rays / Laser Ray that might be usedâ€¦,140
1337846911739572232,marlonDBR,2020-12-12 19:48:54,RT @RasitDinc: We hereby honor to announce that we have developed a brand new treatment method using UV rays / Laser Ray that might be usedâ€¦,140
1337846907381673987,Donghae223344,2020-12-12 19:48:53,RT @RasitDinc: We hereby honor to announce that we have developed a brand new treatment method using UV rays / Laser Ray that might be usedâ€¦,140
1337846905976614912,martachara,2020-12-12 19:48:53,RT @RasitDinc: We hereby honor to announce that we have developed a brand new treatment method using UV rays / Laser Ray that might be usedâ€¦,140
1337846884707127296,ACTIVEC5,2020-12-12 19:48:47,"Active-C

.

.

#who #activecharcoal #ngo #airpollution #waterpollution #covid #personalhealth #industry #coronaâ€¦ https://t.co/Rjjrhpwa9B",137
1337846883008598018,krishna444_test,2020-12-12 19:48:47,"#Corona Info for #USA:
New Cases: 107511
Today Recovery: 43762
Today Deaths: 1204
Total Active Cases: 6548021
Totalâ€¦ https://t.co/ik6yLu2C5C",140
1337846879204372480,krishna444_test,2020-12-12 19:48:46,"#Corona Info for #Germany:
New Cases: 14130
Today Recovery: 15400
Today Deaths: 198
Total Active Cases: 333388
Totaâ€¦ https://t.co/78mCsgxBgd",140
1337846873554636801,hebdpp,2020-12-12 19:48:45,RT @RasitDinc: We hereby honor to announce that we have developed a brand new treatment method using UV rays / Laser Ray that might be usedâ€¦,140
1337846872157941767,BIKO46638817,2020-12-12 19:48:44,RT @RasitDinc: We hereby honor to announce that we have developed a brand new treatment method using UV rays / Laser Ray that might be usedâ€¦,140
1337846869641342976,surkchun,2020-12-12 19:48:44,RT @RasitDinc: We hereby honor to announce that we have developed a brand new treatment method using UV rays / Laser Ray that might be usedâ€¦,140
1337846864599789569,GustavoWegener1,2020-12-12 19:48:43,RT @RasitDinc: We hereby honor to announce that we have developed a brand new treatment method using UV rays / Laser Ray that might be usedâ€¦,140
1337846854634131456,UsarZehra,2020-12-12 19:48:40,RT @RasitDinc: We hereby honor to announce that we have developed a brand new treatment method using UV rays / Laser Ray that might be usedâ€¦,140
1337846837923995648,1678Collaguazo,2020-12-12 19:48:36,RT @RasitDinc: We hereby honor to announce that we have developed a brand new treatment method using UV rays / Laser Ray that might be usedâ€¦,140
1337846825043320833,Davalos_96,2020-12-12 19:48:33,RT @RasitDinc: We hereby honor to announce that we have developed a brand new treatment method using UV rays / Laser Ray that might be usedâ€¦,140
1337846821612351489,racing425,2020-12-12 19:48:32,RT @RasitDinc: We hereby honor to announce that we have developed a brand new treatment method using UV rays / Laser Ray that might be usedâ€¦,140
1337846753383624705,Arley429Arley,2020-12-12 19:48:16,RT @RasitDinc: We hereby honor to announce that we have developed a brand new treatment method using UV rays / Laser Ray that might be usedâ€¦,140
1337846752121131009,Lucky_7_Sampson,2020-12-12 19:48:16,@Jim_Jordan @realDonaldTrump Why wasn't #corona #relief prioritized? This will cost taxpayers at least $600 millionâ€¦ https://t.co/RbqE4k59b8,140
1337846742721720322,Ssanjuan1086,2020-12-12 19:48:14,RT @RasitDinc: We hereby honor to announce that we have developed a brand new treatment method using UV rays / Laser Ray that might be usedâ€¦,140
1337846680524296194,Ana_lisse,2020-12-12 19:47:59,RT @RasitDinc: We hereby honor to announce that we have developed a brand new treatment method using UV rays / Laser Ray that might be usedâ€¦,140
1337846611335122946,erikadelamora10,2020-12-12 19:47:42,RT @RasitDinc: We hereby honor to announce that we have developed a brand new treatment method using UV rays / Laser Ray that might be usedâ€¦,140
1337846579064090624,James7441,2020-12-12 19:47:35,RT @RasitDinc: We hereby honor to announce that we have developed a brand new treatment method using UV rays / Laser Ray that might be usedâ€¦,140
1337846556687556610,alhnof3,2020-12-12 19:47:29,RT @RasitDinc: We hereby honor to announce that we have developed a brand new treatment method using UV rays / Laser Ray that might be usedâ€¦,140
1337846551604064256,sabricangulec,2020-12-12 19:47:28,RT @RasitDinc: We hereby honor to announce that we have developed a brand new treatment method using UV rays / Laser Ray that might be usedâ€¦,140
1337846524873756677,Krupper1,2020-12-12 19:47:22,RT @RasitDinc: We hereby honor to announce that we have developed a brand new treatment method using UV rays / Laser Ray that might be usedâ€¦,140
1337846508662771716,24995247394,2020-12-12 19:47:18,RT @RasitDinc: We hereby honor to announce that we have developed a brand new treatment method using UV rays / Laser Ray that might be usedâ€¦,140
1337846480233754625,viralvideovlogs,2020-12-12 19:47:11,RT @RasitDinc: We hereby honor to announce that we have developed a brand new treatment method using UV rays / Laser Ray that might be usedâ€¦,140
1337846475255140357,peterson_1240,2020-12-12 19:47:10,RT @RasitDinc: We hereby honor to announce that we have developed a brand new treatment method using UV rays / Laser Ray that might be usedâ€¦,140
1337846470599446528,JasonJason1832,2020-12-12 19:47:09,RT @RasitDinc: We hereby honor to announce that we have developed a brand new treatment method using UV rays / Laser Ray that might be usedâ€¦,140
1337846464777777156,hope1443,2020-12-12 19:47:07,RT @RasitDinc: We hereby honor to announce that we have developed a brand new treatment method using UV rays / Laser Ray that might be usedâ€¦,140
1337846460335984640,mara_830,2020-12-12 19:47:06,RT @RasitDinc: We hereby honor to announce that we have developed a brand new treatment method using UV rays / Laser Ray that might be usedâ€¦,140
1337846459434209281,66_ortis,2020-12-12 19:47:06,RT @RasitDinc: We hereby honor to announce that we have developed a brand new treatment method using UV rays / Laser Ray that might be usedâ€¦,140
1337846452337434628,CHARLY_161,2020-12-12 19:47:04,RT @RasitDinc: We hereby honor to announce that we have developed a brand new treatment method using UV rays / Laser Ray that might be usedâ€¦,140
1337846424604708864,EdwRojara33,2020-12-12 19:46:58,RT @RasitDinc: We hereby honor to announce that we have developed a brand new treatment method using UV rays / Laser Ray that might be usedâ€¦,140
1337846414840393728,elaine_181,2020-12-12 19:46:55,RT @RasitDinc: We hereby honor to announce that we have developed a brand new treatment method using UV rays / Laser Ray that might be usedâ€¦,140
1337846409182244869,nuno27767526,2020-12-12 19:46:54,RT @RasitDinc: We hereby honor to announce that we have developed a brand new treatment method using UV rays / Laser Ray that might be usedâ€¦,140
1337846400051245058,yaninys1414,2020-12-12 19:46:52,RT @RasitDinc: We hereby honor to announce that we have developed a brand new treatment method using UV rays / Laser Ray that might be usedâ€¦,140
1337846369772507144,vik_helena,2020-12-12 19:46:45,RT @RasitDinc: We hereby honor to announce that we have developed a brand new treatment method using UV rays / Laser Ray that might be usedâ€¦,140
1337846363514687488,H98JOO1,2020-12-12 19:46:43,RT @RasitDinc: We hereby honor to announce that we have developed a brand new treatment method using UV rays / Laser Ray that might be usedâ€¦,140
1337846362906488833,aaron_conejeros,2020-12-12 19:46:43,RT @RasitDinc: We hereby honor to announce that we have developed a brand new treatment method using UV rays / Laser Ray that might be usedâ€¦,140
1337846362168324102,alver1988,2020-12-12 19:46:43,RT @RasitDinc: We hereby honor to announce that we have developed a brand new treatment method using UV rays / Laser Ray that might be usedâ€¦,140
1337846359572029442,ericafernande13,2020-12-12 19:46:42,RT @RasitDinc: We hereby honor to announce that we have developed a brand new treatment method using UV rays / Laser Ray that might be usedâ€¦,140
1337846346385068032,flat_93,2020-12-12 19:46:39,RT @RasitDinc: We hereby honor to announce that we have developed a brand new treatment method using UV rays / Laser Ray that might be usedâ€¦,140
1337846344405356550,jimmy_272,2020-12-12 19:46:39,RT @RasitDinc: We hereby honor to announce that we have developed a brand new treatment method using UV rays / Laser Ray that might be usedâ€¦,140
1337846341494599682,1226Varela,2020-12-12 19:46:38,RT @RasitDinc: We hereby honor to announce that we have developed a brand new treatment method using UV rays / Laser Ray that might be usedâ€¦,140
1337846308623814665,estefanyvivar2,2020-12-12 19:46:30,RT @RasitDinc: We hereby honor to announce that we have developed a brand new treatment method using UV rays / Laser Ray that might be usedâ€¦,140
1337846211139817474,samar_habash68,2020-12-12 19:46:07,RT @RasitDinc: We hereby honor to announce that we have developed a brand new treatment method using UV rays / Laser Ray that might be usedâ€¦,140
1337846203934007296,hamilton_1214,2020-12-12 19:46:05,RT @RasitDinc: We hereby honor to announce that we have developed a brand new treatment method using UV rays / Laser Ray that might be usedâ€¦,140
1337846192936464388,viralvideovlogs,2020-12-12 19:46:03,RT @RasitDinc: We hereby honor to announce that we have developed a brand new treatment method using UV rays / Laser Ray that might be usedâ€¦,140
1337846191367839744,1987Abdelali,2020-12-12 19:46:02,RT @RasitDinc: We hereby honor to announce that we have developed a brand new treatment method using UV rays / Laser Ray that might be usedâ€¦,140
1337846191174922240,arnonnanrudon,2020-12-12 19:46:02,RT @RasitDinc: We hereby honor to announce that we have developed a brand new treatment method using UV rays / Laser Ray that might be usedâ€¦,140
1337846186661777413,Mohd23490335,2020-12-12 19:46:01,RT @RasitDinc: We hereby honor to announce that we have developed a brand new treatment method using UV rays / Laser Ray that might be usedâ€¦,140
1337846175920238592,milagrospadill4,2020-12-12 19:45:58,RT @RasitDinc: We hereby honor to announce that we have developed a brand new treatment method using UV rays / Laser Ray that might be usedâ€¦,140
1337846159327584258,lupu1414,2020-12-12 19:45:55,RT @RasitDinc: We hereby honor to announce that we have developed a brand new treatment method using UV rays / Laser Ray that might be usedâ€¦,140
1337846157385535496,Garip_Hayaller0,2020-12-12 19:45:54,RT @RasitDinc: We hereby honor to announce that we have developed a brand new treatment method using UV rays / Laser Ray that might be usedâ€¦,140
1337846150708211714,briannah184,2020-12-12 19:45:52,RT @RasitDinc: We hereby honor to announce that we have developed a brand new treatment method using UV rays / Laser Ray that might be usedâ€¦,140
1337846149298999296,IshiiMohamed,2020-12-12 19:45:52,RT @RasitDinc: We hereby honor to announce that we have developed a brand new treatment method using UV rays / Laser Ray that might be usedâ€¦,140
1337846147759677441,AaAaFfFfGG,2020-12-12 19:45:52,RT @RasitDinc: We hereby honor to announce that we have developed a brand new treatment method using UV rays / Laser Ray that might be usedâ€¦,140
1337846130575634435,vanessa793,2020-12-12 19:45:48,RT @RasitDinc: We hereby honor to announce that we have developed a brand new treatment method using UV rays / Laser Ray that might be usedâ€¦,140
1337846119104131072,wilmer1700,2020-12-12 19:45:45,RT @RasitDinc: We hereby honor to announce that we have developed a brand new treatment method using UV rays / Laser Ray that might be usedâ€¦,140
1337846108865880064,chacha188,2020-12-12 19:45:42,RT @RasitDinc: We hereby honor to announce that we have developed a brand new treatment method using UV rays / Laser Ray that might be usedâ€¦,140
1337846101857214475,Yuly360,2020-12-12 19:45:41,RT @RasitDinc: We hereby honor to announce that we have developed a brand new treatment method using UV rays / Laser Ray that might be usedâ€¦,140
1337846073549787138,Aslancimbom_21,2020-12-12 19:45:34,RT @RasitDinc: We hereby honor to announce that we have developed a brand new treatment method using UV rays / Laser Ray that might be usedâ€¦,140
1337846059066855425,762Elisa,2020-12-12 19:45:31,RT @RasitDinc: We hereby honor to announce that we have developed a brand new treatment method using UV rays / Laser Ray that might be usedâ€¦,140
1337846057976401920,margari88259445,2020-12-12 19:45:30,RT @RasitDinc: We hereby honor to announce that we have developed a brand new treatment method using UV rays / Laser Ray that might be usedâ€¦,140
1337846031229325313,adrianna916x,2020-12-12 19:45:24,RT @RasitDinc: We hereby honor to announce that we have developed a brand new treatment method using UV rays / Laser Ray that might be usedâ€¦,140
1337845988791349248,jauregui713,2020-12-12 19:45:14,RT @RasitDinc: We hereby honor to announce that we have developed a brand new treatment method using UV rays / Laser Ray that might be usedâ€¦,140
1337845984420835328,FbSmer,2020-12-12 19:45:13,RT @RasitDinc: We hereby honor to announce that we have developed a brand new treatment method using UV rays / Laser Ray that might be usedâ€¦,140
1337845968746786828,595Luna,2020-12-12 19:45:09,RT @RasitDinc: We hereby honor to announce that we have developed a brand new treatment method using UV rays / Laser Ray that might be usedâ€¦,140
1337845965877866504,alexa1552,2020-12-12 19:45:08,RT @RasitDinc: We hereby honor to announce that we have developed a brand new treatment method using UV rays / Laser Ray that might be usedâ€¦,140
1337845961683570691,alegria39,2020-12-12 19:45:07,RT @RasitDinc: We hereby honor to announce that we have developed a brand new treatment method using UV rays / Laser Ray that might be usedâ€¦,140
1337845958617542661,rabiakeeliolu,2020-12-12 19:45:07,RT @RasitDinc: We hereby honor to announce that we have developed a brand new treatment method using UV rays / Laser Ray that might be usedâ€¦,140
1337845957380206597,582lorena,2020-12-12 19:45:06,RT @RasitDinc: We hereby honor to announce that we have developed a brand new treatment method using UV rays / Laser Ray that might be usedâ€¦,140
1337845947255107584,hamza_zamo,2020-12-12 19:45:04,RT @RasitDinc: We hereby honor to announce that we have developed a brand new treatment method using UV rays / Laser Ray that might be usedâ€¦,140
1337845929890766849,1215Keiry,2020-12-12 19:45:00,RT @RasitDinc: We hereby honor to announce that we have developed a brand new treatment method using UV rays / Laser Ray that might be usedâ€¦,140
1337845929483898889,juanmario20,2020-12-12 19:45:00,RT @RasitDinc: We hereby honor to announce that we have developed a brand new treatment method using UV rays / Laser Ray that might be usedâ€¦,140
1337845900106936321,buda1319,2020-12-12 19:44:53,RT @RasitDinc: We hereby honor to announce that we have developed a brand new treatment method using UV rays / Laser Ray that might be usedâ€¦,140
1337845884206411782,gomez_740,2020-12-12 19:44:49,RT @RasitDinc: We hereby honor to announce that we have developed a brand new treatment method using UV rays / Laser Ray that might be usedâ€¦,140
1337845880297283585,Lola26Dias,2020-12-12 19:44:48,RT @RasitDinc: We hereby honor to announce that we have developed a brand new treatment method using UV rays / Laser Ray that might be usedâ€¦,140
1337845858004574212,padilla_1982_86,2020-12-12 19:44:43,RT @RasitDinc: We hereby honor to announce that we have developed a brand new treatment method using UV rays / Laser Ray that might be usedâ€¦,140
1337845843580362752,KartalSda00,2020-12-12 19:44:39,RT @RasitDinc: We hereby honor to announce that we have developed a brand new treatment method using UV rays / Laser Ray that might be usedâ€¦,140
1337845824995389446,AlejjoD,2020-12-12 19:44:35,RT @RasitDinc: We hereby honor to announce that we have developed a brand new treatment method using UV rays / Laser Ray that might be usedâ€¦,140
1337845814874365952,GenesisExperts,2020-12-12 19:44:32,Credit card processing. Payment processing and #payment management services to help #businesses:â€¦ https://t.co/GyJlJFPNl0,121
1337845798487330824,Sandrac49854223,2020-12-12 19:44:28,RT @RasitDinc: We hereby honor to announce that we have developed a brand new treatment method using UV rays / Laser Ray that might be usedâ€¦,140
1337845797682094081,tujefefelix,2020-12-12 19:44:28,RT @RasitDinc: We hereby honor to announce that we have developed a brand new treatment method using UV rays / Laser Ray that might be usedâ€¦,140
1337845790132334593,lily15721,2020-12-12 19:44:26,RT @RasitDinc: We hereby honor to announce that we have developed a brand new treatment method using UV rays / Laser Ray that might be usedâ€¦,140
1337845770788204555,1103Asker,2020-12-12 19:44:22,RT @RasitDinc: We hereby honor to announce that we have developed a brand new treatment method using UV rays / Laser Ray that might be usedâ€¦,140
1337845760973484033,tonino7905,2020-12-12 19:44:20,RT @RasitDinc: We hereby honor to announce that we have developed a brand new treatment method using UV rays / Laser Ray that might be usedâ€¦,140
1337845757563514880,annie13168,2020-12-12 19:44:19,RT @RasitDinc: We hereby honor to announce that we have developed a brand new treatment method using UV rays / Laser Ray that might be usedâ€¦,140
1337845751536345089,kle_12,2020-12-12 19:44:17,RT @RasitDinc: We hereby honor to announce that we have developed a brand new treatment method using UV rays / Laser Ray that might be usedâ€¦,140
1337845746045956097,Nnoi_12,2020-12-12 19:44:16,RT @RasitDinc: We hereby honor to announce that we have developed a brand new treatment method using UV rays / Laser Ray that might be usedâ€¦,140
1337845711489167361,12012J,2020-12-12 19:44:08,RT @RasitDinc: We hereby honor to announce that we have developed a brand new treatment method using UV rays / Laser Ray that might be usedâ€¦,140
1337845702702080001,marcopastrana2,2020-12-12 19:44:06,RT @RasitDinc: We hereby honor to announce that we have developed a brand new treatment method using UV rays / Laser Ray that might be usedâ€¦,140
1337845590231838720,ok5531,2020-12-12 19:43:39,RT @RasitDinc: We hereby honor to announce that we have developed a brand new treatment method using UV rays / Laser Ray that might be usedâ€¦,140
1337845548485910531,juddjnbguu,2020-12-12 19:43:29,RT @RasitDinc: We hereby honor to announce that we have developed a brand new treatment method using UV rays / Laser Ray that might be usedâ€¦,140
1337845540852273162,aldo_mimo,2020-12-12 19:43:27,RT @RasitDinc: We hereby honor to announce that we have developed a brand new treatment method using UV rays / Laser Ray that might be usedâ€¦,140
1337845539707162624,Todor656,2020-12-12 19:43:27,RT @RasitDinc: We hereby honor to announce that we have developed a brand new treatment method using UV rays / Laser Ray that might be usedâ€¦,140
1337845539493343232,aslipya2,2020-12-12 19:43:27,RT @RasitDinc: We hereby honor to announce that we have developed a brand new treatment method using UV rays / Laser Ray that might be usedâ€¦,140
1337845538327326721,ameerameer9999,2020-12-12 19:43:26,RT @RasitDinc: We hereby honor to announce that we have developed a brand new treatment method using UV rays / Laser Ray that might be usedâ€¦,140
1337845538218242050,712_alberto,2020-12-12 19:43:26,RT @RasitDinc: We hereby honor to announce that we have developed a brand new treatment method using UV rays / Laser Ray that might be usedâ€¦,140
1337845519658479618,enzooo_97,2020-12-12 19:43:22,RT @RasitDinc: We hereby honor to announce that we have developed a brand new treatment method using UV rays / Laser Ray that might be usedâ€¦,140
1337845496262647811,hadassa667,2020-12-12 19:43:16,RT @RasitDinc: We hereby honor to announce that we have developed a brand new treatment method using UV rays / Laser Ray that might be usedâ€¦,140
1337845454936137729,ivanna1565,2020-12-12 19:43:07,RT @RasitDinc: We hereby honor to announce that we have developed a brand new treatment method using UV rays / Laser Ray that might be usedâ€¦,140
1337845357846417409,El_0110110,2020-12-12 19:42:43,RT @RasitDinc: We hereby honor to announce that we have developed a brand new treatment method using UV rays / Laser Ray that might be usedâ€¦,140
1337845357456318464,emwBioAHtZUtJRD,2020-12-12 19:42:43,RT @RasitDinc: We hereby honor to announce that we have developed a brand new treatment method using UV rays / Laser Ray that might be usedâ€¦,140
1337845352343482373,igor_santosf,2020-12-12 19:42:42,RT @RasitDinc: We hereby honor to announce that we have developed a brand new treatment method using UV rays / Laser Ray that might be usedâ€¦,140
1337845350242062337,EduardaMary19,2020-12-12 19:42:42,RT @RasitDinc: We hereby honor to announce that we have developed a brand new treatment method using UV rays / Laser Ray that might be usedâ€¦,140
1337845345750020096,victoria18381,2020-12-12 19:42:41,RT @RasitDinc: We hereby honor to announce that we have developed a brand new treatment method using UV rays / Laser Ray that might be usedâ€¦,140
1337845338590339072,anyvaldez2,2020-12-12 19:42:39,RT @RasitDinc: We hereby honor to announce that we have developed a brand new treatment method using UV rays / Laser Ray that might be usedâ€¦,140
1337845333313908738,stef1258,2020-12-12 19:42:38,RT @RasitDinc: We hereby honor to announce that we have developed a brand new treatment method using UV rays / Laser Ray that might be usedâ€¦,140
1337845326871408648,fastchong_morri,2020-12-12 19:42:36,RT @RasitDinc: We hereby honor to announce that we have developed a brand new treatment method using UV rays / Laser Ray that might be usedâ€¦,140
1337845324912742401,ada_848,2020-12-12 19:42:36,RT @RasitDinc: We hereby honor to announce that we have developed a brand new treatment method using UV rays / Laser Ray that might be usedâ€¦,140
1337845320663883776,lila1470,2020-12-12 19:42:35,RT @RasitDinc: We hereby honor to announce that we have developed a brand new treatment method using UV rays / Laser Ray that might be usedâ€¦,140
1337845289185648641,Elaainafanca,2020-12-12 19:42:27,RT @RasitDinc: We hereby honor to announce that we have developed a brand new treatment method using UV rays / Laser Ray that might be usedâ€¦,140
1337845286744576000,kingston_123456,2020-12-12 19:42:26,RT @RasitDinc: We hereby honor to announce that we have developed a brand new treatment method using UV rays / Laser Ray that might be usedâ€¦,140
1337845285104611328,nerv_1191,2020-12-12 19:42:26,RT @RasitDinc: We hereby honor to announce that we have developed a brand new treatment method using UV rays / Laser Ray that might be usedâ€¦,140
1337845284618035207,Deepyoursoul,2020-12-12 19:42:26,RT @RasitDinc: We hereby honor to announce that we have developed a brand new treatment method using UV rays / Laser Ray that might be usedâ€¦,140
1337845260618244097,monse_1890,2020-12-12 19:42:20,RT @RasitDinc: We hereby honor to announce that we have developed a brand new treatment method using UV rays / Laser Ray that might be usedâ€¦,140
1337845205945487361,ANACLEIDE,2020-12-12 19:42:07,RT @RasitDinc: We hereby honor to announce that we have developed a brand new treatment method using UV rays / Laser Ray that might be usedâ€¦,140
1337845191210917893,gabylmg,2020-12-12 19:42:04,RT @RasitDinc: We hereby honor to announce that we have developed a brand new treatment method using UV rays / Laser Ray that might be usedâ€¦,140
1337845187754782721,alwaleed1118,2020-12-12 19:42:03,RT @RasitDinc: We hereby honor to announce that we have developed a brand new treatment method using UV rays / Laser Ray that might be usedâ€¦,140
1337845164337979397,2095Steph,2020-12-12 19:41:57,RT @RasitDinc: We hereby honor to announce that we have developed a brand new treatment method using UV rays / Laser Ray that might be usedâ€¦,140
1337845157010567171,tayloradmires13,2020-12-12 19:41:56,RT @RasitDinc: We hereby honor to announce that we have developed a brand new treatment method using UV rays / Laser Ray that might be usedâ€¦,140
1337845147065872385,Martinburb,2020-12-12 19:41:53,RT @RasitDinc: We hereby honor to announce that we have developed a brand new treatment method using UV rays / Laser Ray that might be usedâ€¦,140
1337845145807544320,Campillo1203,2020-12-12 19:41:53,RT @RasitDinc: We hereby honor to announce that we have developed a brand new treatment method using UV rays / Laser Ray that might be usedâ€¦,140
1337845140694700035,tchaumeusonholi,2020-12-12 19:41:52,RT @RasitDinc: We hereby honor to announce that we have developed a brand new treatment method using UV rays / Laser Ray that might be usedâ€¦,140
1337845139541258243,cazares130,2020-12-12 19:41:51,RT @RasitDinc: We hereby honor to announce that we have developed a brand new treatment method using UV rays / Laser Ray that might be usedâ€¦,140
1337845138211680277,Brigitta524,2020-12-12 19:41:51,RT @RasitDinc: We hereby honor to announce that we have developed a brand new treatment method using UV rays / Laser Ray that might be usedâ€¦,140
1337845137876148231,Niki392,2020-12-12 19:41:51,RT @RasitDinc: We hereby honor to announce that we have developed a brand new treatment method using UV rays / Laser Ray that might be usedâ€¦,140
1337845134399074309,AdaRaul,2020-12-12 19:41:50,RT @RasitDinc: We hereby honor to announce that we have developed a brand new treatment method using UV rays / Laser Ray that might be usedâ€¦,140
1337845134382297091,samaramevsquita,2020-12-12 19:41:50,RT @RasitDinc: We hereby honor to announce that we have developed a brand new treatment method using UV rays / Laser Ray that might be usedâ€¦,140
1337845124462764033,colemansequera1,2020-12-12 19:41:48,RT @RasitDinc: We hereby honor to announce that we have developed a brand new treatment method using UV rays / Laser Ray that might be usedâ€¦,140
1337845116896219137,manea1242,2020-12-12 19:41:46,RT @RasitDinc: We hereby honor to announce that we have developed a brand new treatment method using UV rays / Laser Ray that might be usedâ€¦,140
1337845113100361729,SedaDalar1,2020-12-12 19:41:45,RT @RasitDinc: We hereby honor to announce that we have developed a brand new treatment method using UV rays / Laser Ray that might be usedâ€¦,140
1337845112622231554,beymerpereyra,2020-12-12 19:41:45,RT @RasitDinc: We hereby honor to announce that we have developed a brand new treatment method using UV rays / Laser Ray that might be usedâ€¦,140
1337845110315347969,perry71798611,2020-12-12 19:41:44,RT @RasitDinc: We hereby honor to announce that we have developed a brand new treatment method using UV rays / Laser Ray that might be usedâ€¦,140
1337845109908451334,richard76721707,2020-12-12 19:41:44,RT @RasitDinc: We hereby honor to announce that we have developed a brand new treatment method using UV rays / Laser Ray that might be usedâ€¦,140
1337845107073159169,vikyG09hotmailc,2020-12-12 19:41:44,RT @RasitDinc: We hereby honor to announce that we have developed a brand new treatment method using UV rays / Laser Ray that might be usedâ€¦,140
1337845101842862080,2015Raina,2020-12-12 19:41:42,RT @RasitDinc: We hereby honor to announce that we have developed a brand new treatment method using UV rays / Laser Ray that might be usedâ€¦,140
1337845098638401536,Tokyo1806,2020-12-12 19:41:42,RT @RasitDinc: We hereby honor to announce that we have developed a brand new treatment method using UV rays / Laser Ray that might be usedâ€¦,140
1337845088085532672,uxGb9mGCjZEAthj,2020-12-12 19:41:39,RT @RasitDinc: We hereby honor to announce that we have developed a brand new treatment method using UV rays / Laser Ray that might be usedâ€¦,140
1337845077465554957,BRUNOFERRARI3,2020-12-12 19:41:37,RT @RasitDinc: We hereby honor to announce that we have developed a brand new treatment method using UV rays / Laser Ray that might be usedâ€¦,140
